<?xml version='1.0' encoding='utf-8'?>
<nodes><node id="n_0_0" x="0.00" y="0.00" type="traffic_light" /><node id="n_0_1" x="100.00" y="0.00" type="priority" /><node id="n_0_2" x="200.00" y="0.00" type="priority" /><node id="n_0_3" x="300.00" y="0.00" type="priority" /><node id="n_0_4" x="400.00" y="0.00" type="priority" /><node id="n_0_5" x="500.00" y="0.00" type="traffic_light" /><node id="n_0_6" x="600.00" y="0.00" type="priority" /><node id="n_0_7" x="700.00" y="0.00" type="priority" /><node id="n_0_8" x="800.00" y="0.00" type="priority" /><node id="n_0_9" x="900.00" y="0.00" type="priority" /><node id="n_0_10" x="1000.00" y="0.00" type="traffic_light" /><node id="n_0_11" x="1100.00" y="0.00" type="priority" /><node id="n_0_12" x="1200.00" y="0.00" type="priority" /><node id="n_0_13" x="1300.00" y="0.00" type="priority" /><node id="n_0_14" x="1400.00" y="0.00" type="priority" /><node id="n_0_15" x="1500.00" y="0.00" type="traffic_light" /><node id="n_0_16" x="1600.00" y="0.00" type="priority" /><node id="n_0_17" x="1700.00" y="0.00" type="priority" /><node id="n_0_18" x="1800.00" y="0.00" type="priority" /><node id="n_0_19" x="1900.00" y="0.00" type="priority" /><node id="n_1_0" x="0.00" y="100.00" type="priority" /><node id="n_1_1" x="100.00" y="100.00" type="priority" /><node id="n_1_2" x="200.00" y="100.00" type="priority" /><node id="n_1_3" x="300.00" y="100.00" type="priority" /><node id="n_1_4" x="400.00" y="100.00" type="priority" /><node id="n_1_5" x="500.00" y="100.00" type="priority" /><node id="n_1_6" x="600.00" y="100.00" type="priority" /><node id="n_1_7" x="700.00" y="100.00" type="priority" /><node id="n_1_8" x="800.00" y="100.00" type="priority" /><node id="n_1_9" x="900.00" y="100.00" type="priority" /><node id="n_1_10" x="1000.00" y="100.00" type="priority" /><node id="n_1_11" x="1100.00" y="100.00" type="priority" /><node id="n_1_12" x="1200.00" y="100.00" type="priority" /><node id="n_1_13" x="1300.00" y="100.00" type="priority" /><node id="n_1_14" x="1400.00" y="100.00" type="priority" /><node id="n_1_15" x="1500.00" y="100.00" type="priority" /><node id="n_1_16" x="1600.00" y="100.00" type="priority" /><node id="n_1_17" x="1700.00" y="100.00" type="priority" /><node id="n_1_18" x="1800.00" y="100.00" type="priority" /><node id="n_1_19" x="1900.00" y="100.00" type="priority" /><node id="n_2_0" x="0.00" y="200.00" type="priority" /><node id="n_2_1" x="100.00" y="200.00" type="priority" /><node id="n_2_2" x="200.00" y="200.00" type="priority" /><node id="n_2_3" x="300.00" y="200.00" type="priority" /><node id="n_2_4" x="400.00" y="200.00" type="priority" /><node id="n_2_5" x="500.00" y="200.00" type="priority" /><node id="n_2_6" x="600.00" y="200.00" type="priority" /><node id="n_2_7" x="700.00" y="200.00" type="priority" /><node id="n_2_8" x="800.00" y="200.00" type="priority" /><node id="n_2_9" x="900.00" y="200.00" type="priority" /><node id="n_2_10" x="1000.00" y="200.00" type="priority" /><node id="n_2_11" x="1100.00" y="200.00" type="priority" /><node id="n_2_12" x="1200.00" y="200.00" type="priority" /><node id="n_2_13" x="1300.00" y="200.00" type="priority" /><node id="n_2_14" x="1400.00" y="200.00" type="priority" /><node id="n_2_15" x="1500.00" y="200.00" type="priority" /><node id="n_2_16" x="1600.00" y="200.00" type="priority" /><node id="n_2_17" x="1700.00" y="200.00" type="priority" /><node id="n_2_18" x="1800.00" y="200.00" type="priority" /><node id="n_2_19" x="1900.00" y="200.00" type="priority" /><node id="n_3_0" x="0.00" y="300.00" type="priority" /><node id="n_3_1" x="100.00" y="300.00" type="priority" /><node id="n_3_2" x="200.00" y="300.00" type="priority" /><node id="n_3_3" x="300.00" y="300.00" type="priority" /><node id="n_3_4" x="400.00" y="300.00" type="priority" /><node id="n_3_5" x="500.00" y="300.00" type="priority" /><node id="n_3_6" x="600.00" y="300.00" type="priority" /><node id="n_3_7" x="700.00" y="300.00" type="priority" /><node id="n_3_8" x="800.00" y="300.00" type="priority" /><node id="n_3_9" x="900.00" y="300.00" type="priority" /><node id="n_3_10" x="1000.00" y="300.00" type="priority" /><node id="n_3_11" x="1100.00" y="300.00" type="priority" /><node id="n_3_12" x="1200.00" y="300.00" type="priority" /><node id="n_3_13" x="1300.00" y="300.00" type="priority" /><node id="n_3_14" x="1400.00" y="300.00" type="priority" /><node id="n_3_15" x="1500.00" y="300.00" type="priority" /><node id="n_3_16" x="1600.00" y="300.00" type="priority" /><node id="n_3_17" x="1700.00" y="300.00" type="priority" /><node id="n_3_18" x="1800.00" y="300.00" type="priority" /><node id="n_3_19" x="1900.00" y="300.00" type="priority" /><node id="n_4_0" x="0.00" y="400.00" type="priority" /><node id="n_4_1" x="100.00" y="400.00" type="priority" /><node id="n_4_2" x="200.00" y="400.00" type="priority" /><node id="n_4_3" x="300.00" y="400.00" type="priority" /><node id="n_4_4" x="400.00" y="400.00" type="priority" /><node id="n_4_5" x="500.00" y="400.00" type="priority" /><node id="n_4_6" x="600.00" y="400.00" type="priority" /><node id="n_4_7" x="700.00" y="400.00" type="priority" /><node id="n_4_8" x="800.00" y="400.00" type="priority" /><node id="n_4_9" x="900.00" y="400.00" type="priority" /><node id="n_4_10" x="1000.00" y="400.00" type="priority" /><node id="n_4_11" x="1100.00" y="400.00" type="priority" /><node id="n_4_12" x="1200.00" y="400.00" type="priority" /><node id="n_4_13" x="1300.00" y="400.00" type="priority" /><node id="n_4_14" x="1400.00" y="400.00" type="priority" /><node id="n_4_15" x="1500.00" y="400.00" type="priority" /><node id="n_4_16" x="1600.00" y="400.00" type="priority" /><node id="n_4_17" x="1700.00" y="400.00" type="priority" /><node id="n_4_18" x="1800.00" y="400.00" type="priority" /><node id="n_4_19" x="1900.00" y="400.00" type="priority" /><node id="n_5_0" x="0.00" y="500.00" type="traffic_light" /><node id="n_5_1" x="100.00" y="500.00" type="priority" /><node id="n_5_2" x="200.00" y="500.00" type="priority" /><node id="n_5_3" x="300.00" y="500.00" type="priority" /><node id="n_5_4" x="400.00" y="500.00" type="priority" /><node id="n_5_5" x="500.00" y="500.00" type="traffic_light" /><node id="n_5_6" x="600.00" y="500.00" type="priority" /><node id="n_5_7" x="700.00" y="500.00" type="priority" /><node id="n_5_8" x="800.00" y="500.00" type="priority" /><node id="n_5_9" x="900.00" y="500.00" type="priority" /><node id="n_5_10" x="1000.00" y="500.00" type="traffic_light" /><node id="n_5_11" x="1100.00" y="500.00" type="priority" /><node id="n_5_12" x="1200.00" y="500.00" type="priority" /><node id="n_5_13" x="1300.00" y="500.00" type="priority" /><node id="n_5_14" x="1400.00" y="500.00" type="priority" /><node id="n_5_15" x="1500.00" y="500.00" type="traffic_light" /><node id="n_5_16" x="1600.00" y="500.00" type="priority" /><node id="n_5_17" x="1700.00" y="500.00" type="priority" /><node id="n_5_18" x="1800.00" y="500.00" type="priority" /><node id="n_5_19" x="1900.00" y="500.00" type="priority" /><node id="n_6_0" x="0.00" y="600.00" type="priority" /><node id="n_6_1" x="100.00" y="600.00" type="priority" /><node id="n_6_2" x="200.00" y="600.00" type="priority" /><node id="n_6_3" x="300.00" y="600.00" type="priority" /><node id="n_6_4" x="400.00" y="600.00" type="priority" /><node id="n_6_5" x="500.00" y="600.00" type="priority" /><node id="n_6_6" x="600.00" y="600.00" type="priority" /><node id="n_6_7" x="700.00" y="600.00" type="priority" /><node id="n_6_8" x="800.00" y="600.00" type="priority" /><node id="n_6_9" x="900.00" y="600.00" type="priority" /><node id="n_6_10" x="1000.00" y="600.00" type="priority" /><node id="n_6_11" x="1100.00" y="600.00" type="priority" /><node id="n_6_12" x="1200.00" y="600.00" type="priority" /><node id="n_6_13" x="1300.00" y="600.00" type="priority" /><node id="n_6_14" x="1400.00" y="600.00" type="priority" /><node id="n_6_15" x="1500.00" y="600.00" type="priority" /><node id="n_6_16" x="1600.00" y="600.00" type="priority" /><node id="n_6_17" x="1700.00" y="600.00" type="priority" /><node id="n_6_18" x="1800.00" y="600.00" type="priority" /><node id="n_6_19" x="1900.00" y="600.00" type="priority" /><node id="n_7_0" x="0.00" y="700.00" type="priority" /><node id="n_7_1" x="100.00" y="700.00" type="priority" /><node id="n_7_2" x="200.00" y="700.00" type="priority" /><node id="n_7_3" x="300.00" y="700.00" type="priority" /><node id="n_7_4" x="400.00" y="700.00" type="priority" /><node id="n_7_5" x="500.00" y="700.00" type="priority" /><node id="n_7_6" x="600.00" y="700.00" type="priority" /><node id="n_7_7" x="700.00" y="700.00" type="priority" /><node id="n_7_8" x="800.00" y="700.00" type="priority" /><node id="n_7_9" x="900.00" y="700.00" type="priority" /><node id="n_7_10" x="1000.00" y="700.00" type="priority" /><node id="n_7_11" x="1100.00" y="700.00" type="priority" /><node id="n_7_12" x="1200.00" y="700.00" type="priority" /><node id="n_7_13" x="1300.00" y="700.00" type="priority" /><node id="n_7_14" x="1400.00" y="700.00" type="priority" /><node id="n_7_15" x="1500.00" y="700.00" type="priority" /><node id="n_7_16" x="1600.00" y="700.00" type="priority" /><node id="n_7_17" x="1700.00" y="700.00" type="priority" /><node id="n_7_18" x="1800.00" y="700.00" type="priority" /><node id="n_7_19" x="1900.00" y="700.00" type="priority" /><node id="n_8_0" x="0.00" y="800.00" type="priority" /><node id="n_8_1" x="100.00" y="800.00" type="priority" /><node id="n_8_2" x="200.00" y="800.00" type="priority" /><node id="n_8_3" x="300.00" y="800.00" type="priority" /><node id="n_8_4" x="400.00" y="800.00" type="priority" /><node id="n_8_5" x="500.00" y="800.00" type="priority" /><node id="n_8_6" x="600.00" y="800.00" type="priority" /><node id="n_8_7" x="700.00" y="800.00" type="priority" /><node id="n_8_8" x="800.00" y="800.00" type="priority" /><node id="n_8_9" x="900.00" y="800.00" type="priority" /><node id="n_8_10" x="1000.00" y="800.00" type="priority" /><node id="n_8_11" x="1100.00" y="800.00" type="priority" /><node id="n_8_12" x="1200.00" y="800.00" type="priority" /><node id="n_8_13" x="1300.00" y="800.00" type="priority" /><node id="n_8_14" x="1400.00" y="800.00" type="priority" /><node id="n_8_15" x="1500.00" y="800.00" type="priority" /><node id="n_8_16" x="1600.00" y="800.00" type="priority" /><node id="n_8_17" x="1700.00" y="800.00" type="priority" /><node id="n_8_18" x="1800.00" y="800.00" type="priority" /><node id="n_8_19" x="1900.00" y="800.00" type="priority" /><node id="n_9_0" x="0.00" y="900.00" type="priority" /><node id="n_9_1" x="100.00" y="900.00" type="priority" /><node id="n_9_2" x="200.00" y="900.00" type="priority" /><node id="n_9_3" x="300.00" y="900.00" type="priority" /><node id="n_9_4" x="400.00" y="900.00" type="priority" /><node id="n_9_5" x="500.00" y="900.00" type="priority" /><node id="n_9_6" x="600.00" y="900.00" type="priority" /><node id="n_9_7" x="700.00" y="900.00" type="priority" /><node id="n_9_8" x="800.00" y="900.00" type="priority" /><node id="n_9_9" x="900.00" y="900.00" type="priority" /><node id="n_9_10" x="1000.00" y="900.00" type="priority" /><node id="n_9_11" x="1100.00" y="900.00" type="priority" /><node id="n_9_12" x="1200.00" y="900.00" type="priority" /><node id="n_9_13" x="1300.00" y="900.00" type="priority" /><node id="n_9_14" x="1400.00" y="900.00" type="priority" /><node id="n_9_15" x="1500.00" y="900.00" type="priority" /><node id="n_9_16" x="1600.00" y="900.00" type="priority" /><node id="n_9_17" x="1700.00" y="900.00" type="priority" /><node id="n_9_18" x="1800.00" y="900.00" type="priority" /><node id="n_9_19" x="1900.00" y="900.00" type="priority" /><node id="n_10_0" x="0.00" y="1000.00" type="traffic_light" /><node id="n_10_1" x="100.00" y="1000.00" type="priority" /><node id="n_10_2" x="200.00" y="1000.00" type="priority" /><node id="n_10_3" x="300.00" y="1000.00" type="priority" /><node id="n_10_4" x="400.00" y="1000.00" type="priority" /><node id="n_10_5" x="500.00" y="1000.00" type="traffic_light" /><node id="n_10_6" x="600.00" y="1000.00" type="priority" /><node id="n_10_7" x="700.00" y="1000.00" type="priority" /><node id="n_10_8" x="800.00" y="1000.00" type="priority" /><node id="n_10_9" x="900.00" y="1000.00" type="priority" /><node id="n_10_10" x="1000.00" y="1000.00" type="traffic_light" /><node id="n_10_11" x="1100.00" y="1000.00" type="priority" /><node id="n_10_12" x="1200.00" y="1000.00" type="priority" /><node id="n_10_13" x="1300.00" y="1000.00" type="priority" /><node id="n_10_14" x="1400.00" y="1000.00" type="priority" /><node id="n_10_15" x="1500.00" y="1000.00" type="traffic_light" /><node id="n_10_16" x="1600.00" y="1000.00" type="priority" /><node id="n_10_17" x="1700.00" y="1000.00" type="priority" /><node id="n_10_18" x="1800.00" y="1000.00" type="priority" /><node id="n_10_19" x="1900.00" y="1000.00" type="priority" /><node id="n_11_0" x="0.00" y="1100.00" type="priority" /><node id="n_11_1" x="100.00" y="1100.00" type="priority" /><node id="n_11_2" x="200.00" y="1100.00" type="priority" /><node id="n_11_3" x="300.00" y="1100.00" type="priority" /><node id="n_11_4" x="400.00" y="1100.00" type="priority" /><node id="n_11_5" x="500.00" y="1100.00" type="priority" /><node id="n_11_6" x="600.00" y="1100.00" type="priority" /><node id="n_11_7" x="700.00" y="1100.00" type="priority" /><node id="n_11_8" x="800.00" y="1100.00" type="priority" /><node id="n_11_9" x="900.00" y="1100.00" type="priority" /><node id="n_11_10" x="1000.00" y="1100.00" type="priority" /><node id="n_11_11" x="1100.00" y="1100.00" type="priority" /><node id="n_11_12" x="1200.00" y="1100.00" type="priority" /><node id="n_11_13" x="1300.00" y="1100.00" type="priority" /><node id="n_11_14" x="1400.00" y="1100.00" type="priority" /><node id="n_11_15" x="1500.00" y="1100.00" type="priority" /><node id="n_11_16" x="1600.00" y="1100.00" type="priority" /><node id="n_11_17" x="1700.00" y="1100.00" type="priority" /><node id="n_11_18" x="1800.00" y="1100.00" type="priority" /><node id="n_11_19" x="1900.00" y="1100.00" type="priority" /><node id="n_12_0" x="0.00" y="1200.00" type="priority" /><node id="n_12_1" x="100.00" y="1200.00" type="priority" /><node id="n_12_2" x="200.00" y="1200.00" type="priority" /><node id="n_12_3" x="300.00" y="1200.00" type="priority" /><node id="n_12_4" x="400.00" y="1200.00" type="priority" /><node id="n_12_5" x="500.00" y="1200.00" type="priority" /><node id="n_12_6" x="600.00" y="1200.00" type="priority" /><node id="n_12_7" x="700.00" y="1200.00" type="priority" /><node id="n_12_8" x="800.00" y="1200.00" type="priority" /><node id="n_12_9" x="900.00" y="1200.00" type="priority" /><node id="n_12_10" x="1000.00" y="1200.00" type="priority" /><node id="n_12_11" x="1100.00" y="1200.00" type="priority" /><node id="n_12_12" x="1200.00" y="1200.00" type="priority" /><node id="n_12_13" x="1300.00" y="1200.00" type="priority" /><node id="n_12_14" x="1400.00" y="1200.00" type="priority" /><node id="n_12_15" x="1500.00" y="1200.00" type="priority" /><node id="n_12_16" x="1600.00" y="1200.00" type="priority" /><node id="n_12_17" x="1700.00" y="1200.00" type="priority" /><node id="n_12_18" x="1800.00" y="1200.00" type="priority" /><node id="n_12_19" x="1900.00" y="1200.00" type="priority" /><node id="n_13_0" x="0.00" y="1299.99" type="priority" /><node id="n_13_1" x="100.00" y="1299.99" type="priority" /><node id="n_13_2" x="200.00" y="1299.99" type="priority" /><node id="n_13_3" x="300.00" y="1299.99" type="priority" /><node id="n_13_4" x="400.00" y="1299.99" type="priority" /><node id="n_13_5" x="500.00" y="1299.99" type="priority" /><node id="n_13_6" x="600.00" y="1299.99" type="priority" /><node id="n_13_7" x="700.00" y="1299.99" type="priority" /><node id="n_13_8" x="800.00" y="1299.99" type="priority" /><node id="n_13_9" x="900.00" y="1299.99" type="priority" /><node id="n_13_10" x="1000.00" y="1299.99" type="priority" /><node id="n_13_11" x="1100.00" y="1299.99" type="priority" /><node id="n_13_12" x="1200.00" y="1299.99" type="priority" /><node id="n_13_13" x="1300.00" y="1299.99" type="priority" /><node id="n_13_14" x="1400.00" y="1299.99" type="priority" /><node id="n_13_15" x="1500.00" y="1299.99" type="priority" /><node id="n_13_16" x="1600.00" y="1299.99" type="priority" /><node id="n_13_17" x="1700.00" y="1299.99" type="priority" /><node id="n_13_18" x="1800.00" y="1299.99" type="priority" /><node id="n_13_19" x="1900.00" y="1299.99" type="priority" /><node id="n_14_0" x="0.00" y="1400.00" type="priority" /><node id="n_14_1" x="100.00" y="1400.00" type="priority" /><node id="n_14_2" x="200.00" y="1400.00" type="priority" /><node id="n_14_3" x="300.00" y="1400.00" type="priority" /><node id="n_14_4" x="400.00" y="1400.00" type="priority" /><node id="n_14_5" x="500.00" y="1400.00" type="priority" /><node id="n_14_6" x="600.00" y="1400.00" type="priority" /><node id="n_14_7" x="700.00" y="1400.00" type="priority" /><node id="n_14_8" x="800.00" y="1400.00" type="priority" /><node id="n_14_9" x="900.00" y="1400.00" type="priority" /><node id="n_14_10" x="1000.00" y="1400.00" type="priority" /><node id="n_14_11" x="1100.00" y="1400.00" type="priority" /><node id="n_14_12" x="1200.00" y="1400.00" type="priority" /><node id="n_14_13" x="1300.00" y="1400.00" type="priority" /><node id="n_14_14" x="1400.00" y="1400.00" type="priority" /><node id="n_14_15" x="1500.00" y="1400.00" type="priority" /><node id="n_14_16" x="1600.00" y="1400.00" type="priority" /><node id="n_14_17" x="1700.00" y="1400.00" type="priority" /><node id="n_14_18" x="1800.00" y="1400.00" type="priority" /><node id="n_14_19" x="1900.00" y="1400.00" type="priority" /><node id="n_15_0" x="0.00" y="1500.00" type="traffic_light" /><node id="n_15_1" x="100.00" y="1500.00" type="priority" /><node id="n_15_2" x="200.00" y="1500.00" type="priority" /><node id="n_15_3" x="300.00" y="1500.00" type="priority" /><node id="n_15_4" x="400.00" y="1500.00" type="priority" /><node id="n_15_5" x="500.00" y="1500.00" type="traffic_light" /><node id="n_15_6" x="600.00" y="1500.00" type="priority" /><node id="n_15_7" x="700.00" y="1500.00" type="priority" /><node id="n_15_8" x="800.00" y="1500.00" type="priority" /><node id="n_15_9" x="900.00" y="1500.00" type="priority" /><node id="n_15_10" x="1000.00" y="1500.00" type="traffic_light" /><node id="n_15_11" x="1100.00" y="1500.00" type="priority" /><node id="n_15_12" x="1200.00" y="1500.00" type="priority" /><node id="n_15_13" x="1300.00" y="1500.00" type="priority" /><node id="n_15_14" x="1400.00" y="1500.00" type="priority" /><node id="n_15_15" x="1500.00" y="1500.00" type="traffic_light" /><node id="n_15_16" x="1600.00" y="1500.00" type="priority" /><node id="n_15_17" x="1700.00" y="1500.00" type="priority" /><node id="n_15_18" x="1800.00" y="1500.00" type="priority" /><node id="n_15_19" x="1900.00" y="1500.00" type="priority" /><node id="n_16_0" x="0.00" y="1600.00" type="priority" /><node id="n_16_1" x="100.00" y="1600.00" type="priority" /><node id="n_16_2" x="200.00" y="1600.00" type="priority" /><node id="n_16_3" x="300.00" y="1600.00" type="priority" /><node id="n_16_4" x="400.00" y="1600.00" type="priority" /><node id="n_16_5" x="500.00" y="1600.00" type="priority" /><node id="n_16_6" x="600.00" y="1600.00" type="priority" /><node id="n_16_7" x="700.00" y="1600.00" type="priority" /><node id="n_16_8" x="800.00" y="1600.00" type="priority" /><node id="n_16_9" x="900.00" y="1600.00" type="priority" /><node id="n_16_10" x="1000.00" y="1600.00" type="priority" /><node id="n_16_11" x="1100.00" y="1600.00" type="priority" /><node id="n_16_12" x="1200.00" y="1600.00" type="priority" /><node id="n_16_13" x="1300.00" y="1600.00" type="priority" /><node id="n_16_14" x="1400.00" y="1600.00" type="priority" /><node id="n_16_15" x="1500.00" y="1600.00" type="priority" /><node id="n_16_16" x="1600.00" y="1600.00" type="priority" /><node id="n_16_17" x="1700.00" y="1600.00" type="priority" /><node id="n_16_18" x="1800.00" y="1600.00" type="priority" /><node id="n_16_19" x="1900.00" y="1600.00" type="priority" /><node id="n_17_0" x="0.00" y="1700.00" type="priority" /><node id="n_17_1" x="100.00" y="1700.00" type="priority" /><node id="n_17_2" x="200.00" y="1700.00" type="priority" /><node id="n_17_3" x="300.00" y="1700.00" type="priority" /><node id="n_17_4" x="400.00" y="1700.00" type="priority" /><node id="n_17_5" x="500.00" y="1700.00" type="priority" /><node id="n_17_6" x="600.00" y="1700.00" type="priority" /><node id="n_17_7" x="700.00" y="1700.00" type="priority" /><node id="n_17_8" x="800.00" y="1700.00" type="priority" /><node id="n_17_9" x="900.00" y="1700.00" type="priority" /><node id="n_17_10" x="1000.00" y="1700.00" type="priority" /><node id="n_17_11" x="1100.00" y="1700.00" type="priority" /><node id="n_17_12" x="1200.00" y="1700.00" type="priority" /><node id="n_17_13" x="1300.00" y="1700.00" type="priority" /><node id="n_17_14" x="1400.00" y="1700.00" type="priority" /><node id="n_17_15" x="1500.00" y="1700.00" type="priority" /><node id="n_17_16" x="1600.00" y="1700.00" type="priority" /><node id="n_17_17" x="1700.00" y="1700.00" type="priority" /><node id="n_17_18" x="1800.00" y="1700.00" type="priority" /><node id="n_17_19" x="1900.00" y="1700.00" type="priority" /><node id="n_18_0" x="0.00" y="1800.00" type="priority" /><node id="n_18_1" x="100.00" y="1800.00" type="priority" /><node id="n_18_2" x="200.00" y="1800.00" type="priority" /><node id="n_18_3" x="300.00" y="1800.00" type="priority" /><node id="n_18_4" x="400.00" y="1800.00" type="priority" /><node id="n_18_5" x="500.00" y="1800.00" type="priority" /><node id="n_18_6" x="600.00" y="1800.00" type="priority" /><node id="n_18_7" x="700.00" y="1800.00" type="priority" /><node id="n_18_8" x="800.00" y="1800.00" type="priority" /><node id="n_18_9" x="900.00" y="1800.00" type="priority" /><node id="n_18_10" x="1000.00" y="1800.00" type="priority" /><node id="n_18_11" x="1100.00" y="1800.00" type="priority" /><node id="n_18_12" x="1200.00" y="1800.00" type="priority" /><node id="n_18_13" x="1300.00" y="1800.00" type="priority" /><node id="n_18_14" x="1400.00" y="1800.00" type="priority" /><node id="n_18_15" x="1500.00" y="1800.00" type="priority" /><node id="n_18_16" x="1600.00" y="1800.00" type="priority" /><node id="n_18_17" x="1700.00" y="1800.00" type="priority" /><node id="n_18_18" x="1800.00" y="1800.00" type="priority" /><node id="n_18_19" x="1900.00" y="1800.00" type="priority" /><node id="n_19_0" x="0.00" y="1900.00" type="priority" /><node id="n_19_1" x="100.00" y="1900.00" type="priority" /><node id="n_19_2" x="200.00" y="1900.00" type="priority" /><node id="n_19_3" x="300.00" y="1900.00" type="priority" /><node id="n_19_4" x="400.00" y="1900.00" type="priority" /><node id="n_19_5" x="500.00" y="1900.00" type="priority" /><node id="n_19_6" x="600.00" y="1900.00" type="priority" /><node id="n_19_7" x="700.00" y="1900.00" type="priority" /><node id="n_19_8" x="800.00" y="1900.00" type="priority" /><node id="n_19_9" x="900.00" y="1900.00" type="priority" /><node id="n_19_10" x="1000.00" y="1900.00" type="priority" /><node id="n_19_11" x="1100.00" y="1900.00" type="priority" /><node id="n_19_12" x="1200.00" y="1900.00" type="priority" /><node id="n_19_13" x="1300.00" y="1900.00" type="priority" /><node id="n_19_14" x="1400.00" y="1900.00" type="priority" /><node id="n_19_15" x="1500.00" y="1900.00" type="priority" /><node id="n_19_16" x="1600.00" y="1900.00" type="priority" /><node id="n_19_17" x="1700.00" y="1900.00" type="priority" /><node id="n_19_18" x="1800.00" y="1900.00" type="priority" /><node id="n_19_19" x="1900.00" y="1900.00" type="priority" /></nodes>