<?xml version='1.0' encoding='utf-8'?>
<nodes><node id="c_0_0" x="0.00" y="0.00" type="traffic_light" /><node id="c_0_1" x="120.00" y="0.00" type="traffic_light" /><node id="c_0_2" x="240.00" y="0.00" type="traffic_light" /><node id="c_0_3" x="360.00" y="0.00" type="traffic_light" /><node id="c_0_4" x="480.00" y="0.00" type="traffic_light" /><node id="c_0_5" x="600.00" y="0.00" type="traffic_light" /><node id="c_0_6" x="720.00" y="0.00" type="traffic_light" /><node id="c_0_7" x="840.00" y="0.00" type="traffic_light" /><node id="c_0_8" x="960.00" y="0.00" type="traffic_light" /><node id="c_0_9" x="1080.00" y="0.00" type="traffic_light" /><node id="c_0_10" x="1200.00" y="0.00" type="traffic_light" /><node id="c_0_11" x="1320.00" y="0.00" type="traffic_light" /><node id="c_1_0" x="0.00" y="120.00" type="traffic_light" /><node id="c_1_1" x="120.00" y="120.00" type="traffic_light" /><node id="c_1_2" x="240.00" y="120.00" type="traffic_light" /><node id="c_1_3" x="360.00" y="120.00" type="traffic_light" /><node id="c_1_4" x="480.00" y="120.00" type="traffic_light" /><node id="c_1_5" x="600.00" y="120.00" type="traffic_light" /><node id="c_1_6" x="720.00" y="120.00" type="traffic_light" /><node id="c_1_7" x="840.00" y="120.00" type="traffic_light" /><node id="c_1_8" x="960.00" y="120.00" type="traffic_light" /><node id="c_1_9" x="1080.00" y="120.00" type="traffic_light" /><node id="c_1_10" x="1200.00" y="120.00" type="traffic_light" /><node id="c_1_11" x="1320.00" y="120.00" type="traffic_light" /><node id="c_2_0" x="0.00" y="239.99" type="traffic_light" /><node id="c_2_1" x="120.00" y="239.99" type="traffic_light" /><node id="c_2_2" x="240.00" y="239.99" type="traffic_light" /><node id="c_2_3" x="360.00" y="239.99" type="traffic_light" /><node id="c_2_4" x="480.00" y="239.99" type="traffic_light" /><node id="c_2_5" x="600.00" y="239.99" type="traffic_light" /><node id="c_2_6" x="720.00" y="239.99" type="traffic_light" /><node id="c_2_7" x="840.00" y="239.99" type="traffic_light" /><node id="c_2_8" x="960.00" y="239.99" type="traffic_light" /><node id="c_2_9" x="1080.00" y="239.99" type="traffic_light" /><node id="c_2_10" x="1200.00" y="239.99" type="traffic_light" /><node id="c_2_11" x="1320.00" y="239.99" type="traffic_light" /><node id="c_3_0" x="0.00" y="360.00" type="traffic_light" /><node id="c_3_1" x="120.00" y="360.00" type="traffic_light" /><node id="c_3_2" x="240.00" y="360.00" type="traffic_light" /><node id="c_3_3" x="360.00" y="360.00" type="traffic_light" /><node id="c_3_4" x="480.00" y="360.00" type="traffic_light" /><node id="c_3_5" x="600.00" y="360.00" type="traffic_light" /><node id="c_3_6" x="720.00" y="360.00" type="traffic_light" /><node id="c_3_7" x="840.00" y="360.00" type="traffic_light" /><node id="c_3_8" x="960.00" y="360.00" type="traffic_light" /><node id="c_3_9" x="1080.00" y="360.00" type="traffic_light" /><node id="c_3_10" x="1200.00" y="360.00" type="traffic_light" /><node id="c_3_11" x="1320.00" y="360.00" type="traffic_light" /><node id="c_4_0" x="0.00" y="480.00" type="traffic_light" /><node id="c_4_1" x="120.00" y="480.00" type="traffic_light" /><node id="c_4_2" x="240.00" y="480.00" type="traffic_light" /><node id="c_4_3" x="360.00" y="480.00" type="traffic_light" /><node id="c_4_4" x="480.00" y="480.00" type="traffic_light" /><node id="c_4_5" x="600.00" y="480.00" type="traffic_light" /><node id="c_4_6" x="720.00" y="480.00" type="traffic_light" /><node id="c_4_7" x="840.00" y="480.00" type="traffic_light" /><node id="c_4_8" x="960.00" y="480.00" type="traffic_light" /><node id="c_4_9" x="1080.00" y="480.00" type="traffic_light" /><node id="c_4_10" x="1200.00" y="480.00" type="traffic_light" /><node id="c_4_11" x="1320.00" y="480.00" type="traffic_light" /><node id="c_5_0" x="0.00" y="600.00" type="traffic_light" /><node id="c_5_1" x="120.00" y="600.00" type="traffic_light" /><node id="c_5_2" x="240.00" y="600.00" type="traffic_light" /><node id="c_5_3" x="360.00" y="600.00" type="traffic_light" /><node id="c_5_4" x="480.00" y="600.00" type="traffic_light" /><node id="c_5_5" x="600.00" y="600.00" type="traffic_light" /><node id="c_5_6" x="720.00" y="600.00" type="traffic_light" /><node id="c_5_7" x="840.00" y="600.00" type="traffic_light" /><node id="c_5_8" x="960.00" y="600.00" type="traffic_light" /><node id="c_5_9" x="1080.00" y="600.00" type="traffic_light" /><node id="c_5_10" x="1200.00" y="600.00" type="traffic_light" /><node id="c_5_11" x="1320.00" y="600.00" type="traffic_light" /><node id="c_6_0" x="0.00" y="720.00" type="traffic_light" /><node id="c_6_1" x="120.00" y="720.00" type="traffic_light" /><node id="c_6_2" x="240.00" y="720.00" type="traffic_light" /><node id="c_6_3" x="360.00" y="720.00" type="traffic_light" /><node id="c_6_4" x="480.00" y="720.00" type="traffic_light" /><node id="c_6_5" x="600.00" y="720.00" type="traffic_light" /><node id="c_6_6" x="720.00" y="720.00" type="traffic_light" /><node id="c_6_7" x="840.00" y="720.00" type="traffic_light" /><node id="c_6_8" x="960.00" y="720.00" type="traffic_light" /><node id="c_6_9" x="1080.00" y="720.00" type="traffic_light" /><node id="c_6_10" x="1200.00" y="720.00" type="traffic_light" /><node id="c_6_11" x="1320.00" y="720.00" type="traffic_light" /><node id="c_7_0" x="0.00" y="840.00" type="traffic_light" /><node id="c_7_1" x="120.00" y="840.00" type="traffic_light" /><node id="c_7_2" x="240.00" y="840.00" type="traffic_light" /><node id="c_7_3" x="360.00" y="840.00" type="traffic_light" /><node id="c_7_4" x="480.00" y="840.00" type="traffic_light" /><node id="c_7_5" x="600.00" y="840.00" type="traffic_light" /><node id="c_7_6" x="720.00" y="840.00" type="traffic_light" /><node id="c_7_7" x="840.00" y="840.00" type="traffic_light" /><node id="c_7_8" x="960.00" y="840.00" type="traffic_light" /><node id="c_7_9" x="1080.00" y="840.00" type="traffic_light" /><node id="c_7_10" x="1200.00" y="840.00" type="traffic_light" /><node id="c_7_11" x="1320.00" y="840.00" type="traffic_light" /><node id="c_8_0" x="0.00" y="960.00" type="traffic_light" /><node id="c_8_1" x="120.00" y="960.00" type="traffic_light" /><node id="c_8_2" x="240.00" y="960.00" type="traffic_light" /><node id="c_8_3" x="360.00" y="960.00" type="traffic_light" /><node id="c_8_4" x="480.00" y="960.00" type="traffic_light" /><node id="c_8_5" x="600.00" y="960.00" type="traffic_light" /><node id="c_8_6" x="720.00" y="960.00" type="traffic_light" /><node id="c_8_7" x="840.00" y="960.00" type="traffic_light" /><node id="c_8_8" x="960.00" y="960.00" type="traffic_light" /><node id="c_8_9" x="1080.00" y="960.00" type="traffic_light" /><node id="c_8_10" x="1200.00" y="960.00" type="traffic_light" /><node id="c_8_11" x="1320.00" y="960.00" type="traffic_light" /><node id="c_9_0" x="0.00" y="1080.00" type="traffic_light" /><node id="c_9_1" x="120.00" y="1080.00" type="traffic_light" /><node id="c_9_2" x="240.00" y="1080.00" type="traffic_light" /><node id="c_9_3" x="360.00" y="1080.00" type="traffic_light" /><node id="c_9_4" x="480.00" y="1080.00" type="priority" /><node id="c_9_5" x="600.00" y="1080.00" type="traffic_light" /><node id="c_9_6" x="720.00" y="1080.00" type="traffic_light" /><node id="c_9_7" x="840.00" y="1080.00" type="traffic_light" /><node id="c_9_8" x="960.00" y="1080.00" type="traffic_light" /><node id="c_9_9" x="1080.00" y="1080.00" type="traffic_light" /><node id="c_9_10" x="1200.00" y="1080.00" type="traffic_light" /><node id="c_9_11" x="1320.00" y="1080.00" type="traffic_light" /><node id="c_10_0" x="0.00" y="1200.00" type="traffic_light" /><node id="c_10_1" x="120.00" y="1200.00" type="traffic_light" /><node id="c_10_2" x="240.00" y="1200.00" type="traffic_light" /><node id="c_10_3" x="360.00" y="1200.00" type="traffic_light" /><node id="c_10_4" x="480.00" y="1200.00" type="traffic_light" /><node id="c_10_5" x="600.00" y="1200.00" type="traffic_light" /><node id="c_10_6" x="720.00" y="1200.00" type="traffic_light" /><node id="c_10_7" x="840.00" y="1200.00" type="traffic_light" /><node id="c_10_8" x="960.00" y="1200.00" type="traffic_light" /><node id="c_10_9" x="1080.00" y="1200.00" type="traffic_light" /><node id="c_10_10" x="1200.00" y="1200.00" type="traffic_light" /><node id="c_10_11" x="1320.00" y="1200.00" type="traffic_light" /><node id="c_11_0" x="0.00" y="1320.00" type="traffic_light" /><node id="c_11_1" x="120.00" y="1320.00" type="traffic_light" /><node id="c_11_2" x="240.00" y="1320.00" type="priority" /><node id="c_11_3" x="360.00" y="1320.00" type="traffic_light" /><node id="c_11_4" x="480.00" y="1320.00" type="traffic_light" /><node id="c_11_5" x="600.00" y="1320.00" type="traffic_light" /><node id="c_11_6" x="720.00" y="1320.00" type="traffic_light" /><node id="c_11_7" x="840.00" y="1320.00" type="traffic_light" /><node id="c_11_8" x="960.00" y="1320.00" type="traffic_light" /><node id="c_11_9" x="1080.00" y="1320.00" type="traffic_light" /><node id="c_11_10" x="1200.00" y="1320.00" type="traffic_light" /><node id="c_11_11" x="1320.00" y="1320.00" type="traffic_light" /></nodes>