<?xml version='1.0' encoding='utf-8'?>
<edges><edge id="e_1" frm="c_0_0" to="c_0_1" priority="1"><lane index="0" speed="16.667" length="120.0" /><lane index="1" speed="16.667" length="120.0" /><lane index="2" speed="16.667" length="120.0" /></edge><edge id="e_2" frm="c_0_1" to="c_0_0" priority="1"><lane index="0" speed="16.667" length="120.0" /><lane index="1" speed="16.667" length="120.0" /><lane index="2" speed="16.667" length="120.0" /></edge><edge id="e_3" frm="c_0_0" to="c_1_0" priority="1"><lane index="0" speed="16.667" length="120.0" /><lane index="1" speed="16.667" length="120.0" /><lane index="2" speed="16.667" length="120.0" /></edge><edge id="e_4" frm="c_1_0" to="c_0_0" priority="1"><lane index="0" speed="16.667" length="120.0" /><lane index="1" speed="16.667" length="120.0" /><lane index="2" speed="16.667" length="120.0" /></edge><edge id="e_5" frm="c_0_1" to="c_1_1" priority="1"><lane index="0" speed="11.111" length="120.0" /><lane index="1" speed="11.111" length="120.0" /><lane index="2" speed="11.111" length="120.0" /></edge><edge id="e_6" frm="c_1_1" to="c_0_1" priority="1"><lane index="0" speed="11.111" length="120.0" /><lane index="1" speed="11.111" length="120.0" /><lane index="2" speed="11.111" length="120.0" /></edge><edge id="e_7" frm="c_0_2" to="c_0_3" priority="1"><lane index="0" speed="16.667" length="120.0" /><lane index="1" speed="16.667" length="120.0" /><lane index="2" speed="16.667" length="120.0" /></edge><edge id="e_8" frm="c_0_3" to="c_0_2" priority="1"><lane index="0" speed="16.667" length="120.0" /><lane index="1" speed="16.667" length="120.0" /><lane index="2" speed="16.667" length="120.0" /></edge><edge id="e_9" frm="c_0_2" to="c_1_2" priority="1"><lane index="0" speed="11.111" length="120.0" /><lane index="1" speed="11.111" length="120.0" /><lane index="2" speed="11.111" length="120.0" /></edge><edge id="e_10" frm="c_1_2" to="c_0_2" priority="1"><lane index="0" speed="11.111" length="120.0" /><lane index="1" speed="11.111" length="120.0" /><lane index="2" speed="11.111" length="120.0" /></edge><edge id="e_11" frm="c_0_3" to="c_0_4" priority="1"><lane index="0" speed="16.667" length="120.0" /><lane index="1" speed="16.667" length="120.0" /><lane index="2" speed="16.667" length="120.0" /></edge><edge id="e_12" frm="c_0_4" to="c_0_3" priority="1"><lane index="0" speed="16.667" length="120.0" /><lane index="1" speed="16.667" length="120.0" /><lane index="2" speed="16.667" length="120.0" /></edge><edge id="e_13" frm="c_0_3" to="c_1_3" priority="1"><lane index="0" speed="16.667" length="120.0" /><lane index="1" speed="16.667" length="120.0" /><lane index="2" speed="16.667" length="120.0" /></edge><edge id="e_14" frm="c_1_3" to="c_0_3" priority="1"><lane index="0" speed="16.667" length="120.0" /><lane index="1" speed="16.667" length="120.0" /><lane index="2" speed="16.667" length="120.0" /></edge><edge id="e_15" frm="c_0_4" to="c_0_5" priority="1"><lane index="0" speed="16.667" length="120.0" /><lane index="1" speed="16.667" length="120.0" /><lane index="2" speed="16.667" length="120.0" /></edge><edge id="e_16" frm="c_0_5" to="c_0_4" priority="1"><lane index="0" speed="16.667" length="120.0" /><lane index="1" speed="16.667" length="120.0" /><lane index="2" speed="16.667" length="120.0" /></edge><edge id="e_17" frm="c_0_5" to="c_1_5" priority="1"><lane index="0" speed="11.111" length="120.0" /><lane index="1" speed="11.111" length="120.0" /><lane index="2" speed="11.111" length="120.0" /></edge><edge id="e_18" frm="c_1_5" to="c_0_5" priority="1"><lane index="0" speed="11.111" length="120.0" /><lane index="1" speed="11.111" length="120.0" /><lane index="2" speed="11.111" length="120.0" /></edge><edge id="e_19" frm="c_0_6" to="c_0_7" priority="1"><lane index="0" speed="16.667" length="120.0" /><lane index="1" speed="16.667" length="120.0" /><lane index="2" speed="16.667" length="120.0" /></edge><edge id="e_20" frm="c_0_7" to="c_0_6" priority="1"><lane index="0" speed="16.667" length="120.0" /><lane index="1" speed="16.667" length="120.0" /><lane index="2" speed="16.667" length="120.0" /></edge><edge id="e_21" frm="c_0_6" to="c_1_6" priority="1"><lane index="0" speed="16.667" length="120.0" /><lane index="1" speed="16.667" length="120.0" /><lane index="2" speed="16.667" length="120.0" /></edge><edge id="e_22" frm="c_1_6" to="c_0_6" priority="1"><lane index="0" speed="16.667" length="120.0" /><lane index="1" speed="16.667" length="120.0" /><lane index="2" speed="16.667" length="120.0" /></edge><edge id="e_23" frm="c_0_7" to="c_0_8" priority="1"><lane index="0" speed="16.667" length="120.0" /><lane index="1" speed="16.667" length="120.0" /><lane index="2" speed="16.667" length="120.0" /></edge><edge id="e_24" frm="c_0_8" to="c_0_7" priority="1"><lane index="0" speed="16.667" length="120.0" /><lane index="1" speed="16.667" length="120.0" /><lane index="2" speed="16.667" length="120.0" /></edge><edge id="e_25" frm="c_0_7" to="c_1_7" priority="1"><lane index="0" speed="11.111" length="120.0" /><lane index="1" speed="11.111" length="120.0" /><lane index="2" speed="11.111" length="120.0" /></edge><edge id="e_26" frm="c_1_7" to="c_0_7" priority="1"><lane index="0" speed="11.111" length="120.0" /><lane index="1" speed="11.111" length="120.0" /><lane index="2" speed="11.111" length="120.0" /></edge><edge id="e_27" frm="c_0_8" to="c_0_9" priority="1"><lane index="0" speed="16.667" length="120.0" /><lane index="1" speed="16.667" length="120.0" /><lane index="2" speed="16.667" length="120.0" /></edge><edge id="e_28" frm="c_0_9" to="c_0_8" priority="1"><lane index="0" speed="16.667" length="120.0" /><lane index="1" speed="16.667" length="120.0" /><lane index="2" speed="16.667" length="120.0" /></edge><edge id="e_29" frm="c_0_8" to="c_1_8" priority="1"><lane index="0" speed="11.111" length="120.0" /><lane index="1" speed="11.111" length="120.0" /><lane index="2" speed="11.111" length="120.0" /></edge><edge id="e_30" frm="c_1_8" to="c_0_8" priority="1"><lane index="0" speed="11.111" length="120.0" /><lane index="1" speed="11.111" length="120.0" /><lane index="2" speed="11.111" length="120.0" /></edge><edge id="e_31" frm="c_0_9" to="c_0_10" priority="1"><lane index="0" speed="16.667" length="120.0" /><lane index="1" speed="16.667" length="120.0" /><lane index="2" speed="16.667" length="120.0" /></edge><edge id="e_32" frm="c_0_10" to="c_0_9" priority="1"><lane index="0" speed="16.667" length="120.0" /><lane index="1" speed="16.667" length="120.0" /><lane index="2" speed="16.667" length="120.0" /></edge><edge id="e_33" frm="c_0_9" to="c_1_9" priority="1"><lane index="0" speed="16.667" length="120.0" /><lane index="1" speed="16.667" length="120.0" /><lane index="2" speed="16.667" length="120.0" /></edge><edge id="e_34" frm="c_1_9" to="c_0_9" priority="1"><lane index="0" speed="16.667" length="120.0" /><lane index="1" speed="16.667" length="120.0" /><lane index="2" speed="16.667" length="120.0" /></edge><edge id="e_35" frm="c_0_10" to="c_0_11" priority="1"><lane index="0" speed="16.667" length="120.0" /><lane index="1" speed="16.667" length="120.0" /><lane index="2" speed="16.667" length="120.0" /></edge><edge id="e_36" frm="c_0_11" to="c_0_10" priority="1"><lane index="0" speed="16.667" length="120.0" /><lane index="1" speed="16.667" length="120.0" /><lane index="2" speed="16.667" length="120.0" /></edge><edge id="e_37" frm="c_0_10" to="c_1_10" priority="1"><lane index="0" speed="11.111" length="120.0" /><lane index="1" speed="11.111" length="120.0" /><lane index="2" speed="11.111" length="120.0" /></edge><edge id="e_38" frm="c_1_10" to="c_0_10" priority="1"><lane index="0" speed="11.111" length="120.0" /><lane index="1" speed="11.111" length="120.0" /><lane index="2" speed="11.111" length="120.0" /></edge><edge id="e_39" frm="c_0_11" to="c_1_11" priority="1"><lane index="0" speed="11.111" length="120.0" /><lane index="1" speed="11.111" length="120.0" /><lane index="2" speed="11.111" length="120.0" /></edge><edge id="e_40" frm="c_1_11" to="c_0_11" priority="1"><lane index="0" speed="11.111" length="120.0" /><lane index="1" speed="11.111" length="120.0" /><lane index="2" speed="11.111" length="120.0" /></edge><edge id="e_41" frm="c_1_0" to="c_1_1" priority="1"><lane index="0" speed="11.111" length="120.0" /><lane index="1" speed="11.111" length="120.0" /><lane index="2" speed="11.111" length="120.0" /></edge><edge id="e_42" frm="c_1_1" to="c_1_0" priority="1"><lane index="0" speed="11.111" length="120.0" /><lane index="1" speed="11.111" length="120.0" /><lane index="2" speed="11.111" length="120.0" /></edge><edge id="e_43" frm="c_1_0" to="c_2_0" priority="1"><lane index="0" speed="16.667" length="120.0" /><lane index="1" speed="16.667" length="120.0" /><lane index="2" speed="16.667" length="120.0" /></edge><edge id="e_44" frm="c_2_0" to="c_1_0" priority="1"><lane index="0" speed="16.667" length="120.0" /><lane index="1" speed="16.667" length="120.0" /><lane index="2" speed="16.667" length="120.0" /></edge><edge id="e_45" frm="c_1_1" to="c_2_1" priority="1"><lane index="0" speed="11.111" length="120.0" /><lane index="1" speed="11.111" length="120.0" /></edge><edge id="e_46" frm="c_2_1" to="c_1_1" priority="1"><lane index="0" speed="11.111" length="120.0" /><lane index="1" speed="11.111" length="120.0" /></edge><edge id="e_47" frm="c_1_2" to="c_1_3" priority="1"><lane index="0" speed="11.111" length="120.0" /><lane index="1" speed="11.111" length="120.0" /></edge><edge id="e_48" frm="c_1_3" to="c_1_2" priority="1"><lane index="0" speed="11.111" length="120.0" /><lane index="1" speed="11.111" length="120.0" /></edge><edge id="e_49" frm="c_1_2" to="c_2_2" priority="1"><lane index="0" speed="11.111" length="120.0" /><lane index="1" speed="11.111" length="120.0" /></edge><edge id="e_50" frm="c_2_2" to="c_1_2" priority="1"><lane index="0" speed="11.111" length="120.0" /><lane index="1" speed="11.111" length="120.0" /></edge><edge id="e_51" frm="c_1_3" to="c_1_4" priority="1"><lane index="0" speed="11.111" length="120.0" /><lane index="1" speed="11.111" length="120.0" /><lane index="2" speed="11.111" length="120.0" /></edge><edge id="e_52" frm="c_1_4" to="c_1_3" priority="1"><lane index="0" speed="11.111" length="120.0" /><lane index="1" speed="11.111" length="120.0" /><lane index="2" speed="11.111" length="120.0" /></edge><edge id="e_53" frm="c_1_3" to="c_2_3" priority="1"><lane index="0" speed="16.667" length="120.0" /><lane index="1" speed="16.667" length="120.0" /><lane index="2" speed="16.667" length="120.0" /></edge><edge id="e_54" frm="c_2_3" to="c_1_3" priority="1"><lane index="0" speed="16.667" length="120.0" /><lane index="1" speed="16.667" length="120.0" /><lane index="2" speed="16.667" length="120.0" /></edge><edge id="e_55" frm="c_1_4" to="c_1_5" priority="1"><lane index="0" speed="11.111" length="120.0" /><lane index="1" speed="11.111" length="120.0" /></edge><edge id="e_56" frm="c_1_5" to="c_1_4" priority="1"><lane index="0" speed="11.111" length="120.0" /><lane index="1" speed="11.111" length="120.0" /></edge><edge id="e_57" frm="c_1_4" to="c_2_4" priority="1"><lane index="0" speed="11.111" length="120.0" /><lane index="1" speed="11.111" length="120.0" /></edge><edge id="e_58" frm="c_2_4" to="c_1_4" priority="1"><lane index="0" speed="11.111" length="120.0" /><lane index="1" speed="11.111" length="120.0" /></edge><edge id="e_59" frm="c_1_5" to="c_1_6" priority="1"><lane index="0" speed="11.111" length="120.0" /><lane index="1" speed="11.111" length="120.0" /></edge><edge id="e_60" frm="c_1_6" to="c_1_5" priority="1"><lane index="0" speed="11.111" length="120.0" /><lane index="1" speed="11.111" length="120.0" /></edge><edge id="e_61" frm="c_1_5" to="c_2_5" priority="1"><lane index="0" speed="11.111" length="120.0" /><lane index="1" speed="11.111" length="120.0" /></edge><edge id="e_62" frm="c_2_5" to="c_1_5" priority="1"><lane index="0" speed="11.111" length="120.0" /><lane index="1" speed="11.111" length="120.0" /></edge><edge id="e_63" frm="c_1_6" to="c_1_7" priority="1"><lane index="0" speed="11.111" length="120.0" /><lane index="1" speed="11.111" length="120.0" /><lane index="2" speed="11.111" length="120.0" /></edge><edge id="e_64" frm="c_1_7" to="c_1_6" priority="1"><lane index="0" speed="11.111" length="120.0" /><lane index="1" speed="11.111" length="120.0" /><lane index="2" speed="11.111" length="120.0" /></edge><edge id="e_65" frm="c_1_7" to="c_1_8" priority="1"><lane index="0" speed="11.111" length="120.0" /><lane index="1" speed="11.111" length="120.0" /></edge><edge id="e_66" frm="c_1_8" to="c_1_7" priority="1"><lane index="0" speed="11.111" length="120.0" /><lane index="1" speed="11.111" length="120.0" /></edge><edge id="e_67" frm="c_1_7" to="c_2_7" priority="1"><lane index="0" speed="11.111" length="120.0" /><lane index="1" speed="11.111" length="120.0" /></edge><edge id="e_68" frm="c_2_7" to="c_1_7" priority="1"><lane index="0" speed="11.111" length="120.0" /><lane index="1" speed="11.111" length="120.0" /></edge><edge id="e_69" frm="c_1_8" to="c_1_9" priority="1"><lane index="0" speed="11.111" length="120.0" /><lane index="1" speed="11.111" length="120.0" /></edge><edge id="e_70" frm="c_1_9" to="c_1_8" priority="1"><lane index="0" speed="11.111" length="120.0" /><lane index="1" speed="11.111" length="120.0" /></edge><edge id="e_71" frm="c_1_8" to="c_2_8" priority="1"><lane index="0" speed="11.111" length="120.0" /><lane index="1" speed="11.111" length="120.0" /></edge><edge id="e_72" frm="c_2_8" to="c_1_8" priority="1"><lane index="0" speed="11.111" length="120.0" /><lane index="1" speed="11.111" length="120.0" /></edge><edge id="e_73" frm="c_1_9" to="c_1_10" priority="1"><lane index="0" speed="11.111" length="120.0" /><lane index="1" speed="11.111" length="120.0" /><lane index="2" speed="11.111" length="120.0" /></edge><edge id="e_74" frm="c_1_10" to="c_1_9" priority="1"><lane index="0" speed="11.111" length="120.0" /><lane index="1" speed="11.111" length="120.0" /><lane index="2" speed="11.111" length="120.0" /></edge><edge id="e_75" frm="c_1_9" to="c_2_9" priority="1"><lane index="0" speed="16.667" length="120.0" /><lane index="1" speed="16.667" length="120.0" /><lane index="2" speed="16.667" length="120.0" /></edge><edge id="e_76" frm="c_2_9" to="c_1_9" priority="1"><lane index="0" speed="16.667" length="120.0" /><lane index="1" speed="16.667" length="120.0" /><lane index="2" speed="16.667" length="120.0" /></edge><edge id="e_77" frm="c_1_10" to="c_1_11" priority="1"><lane index="0" speed="11.111" length="120.0" /><lane index="1" speed="11.111" length="120.0" /></edge><edge id="e_78" frm="c_1_11" to="c_1_10" priority="1"><lane index="0" speed="11.111" length="120.0" /><lane index="1" speed="11.111" length="120.0" /></edge><edge id="e_79" frm="c_1_10" to="c_2_10" priority="1"><lane index="0" speed="11.111" length="120.0" /><lane index="1" speed="11.111" length="120.0" /></edge><edge id="e_80" frm="c_2_10" to="c_1_10" priority="1"><lane index="0" speed="11.111" length="120.0" /><lane index="1" speed="11.111" length="120.0" /></edge><edge id="e_81" frm="c_2_0" to="c_2_1" priority="1"><lane index="0" speed="11.111" length="120.0" /><lane index="1" speed="11.111" length="120.0" /><lane index="2" speed="11.111" length="120.0" /></edge><edge id="e_82" frm="c_2_1" to="c_2_0" priority="1"><lane index="0" speed="11.111" length="120.0" /><lane index="1" speed="11.111" length="120.0" /><lane index="2" speed="11.111" length="120.0" /></edge><edge id="e_83" frm="c_2_0" to="c_3_0" priority="1"><lane index="0" speed="16.667" length="120.0" /><lane index="1" speed="16.667" length="120.0" /><lane index="2" speed="16.667" length="120.0" /></edge><edge id="e_84" frm="c_3_0" to="c_2_0" priority="1"><lane index="0" speed="16.667" length="120.0" /><lane index="1" speed="16.667" length="120.0" /><lane index="2" speed="16.667" length="120.0" /></edge><edge id="e_85" frm="c_2_1" to="c_2_2" priority="1"><lane index="0" speed="11.111" length="120.0" /><lane index="1" speed="11.111" length="120.0" /></edge><edge id="e_86" frm="c_2_2" to="c_2_1" priority="1"><lane index="0" speed="11.111" length="120.0" /><lane index="1" speed="11.111" length="120.0" /></edge><edge id="e_87" frm="c_2_1" to="c_3_1" priority="1"><lane index="0" speed="11.111" length="120.0" /><lane index="1" speed="11.111" length="120.0" /></edge><edge id="e_88" frm="c_3_1" to="c_2_1" priority="1"><lane index="0" speed="11.111" length="120.0" /><lane index="1" speed="11.111" length="120.0" /></edge><edge id="e_89" frm="c_2_2" to="c_2_3" priority="1"><lane index="0" speed="11.111" length="120.0" /><lane index="1" speed="11.111" length="120.0" /></edge><edge id="e_90" frm="c_2_3" to="c_2_2" priority="1"><lane index="0" speed="11.111" length="120.0" /><lane index="1" speed="11.111" length="120.0" /></edge><edge id="e_91" frm="c_2_2" to="c_3_2" priority="1"><lane index="0" speed="11.111" length="120.0" /><lane index="1" speed="11.111" length="120.0" /></edge><edge id="e_92" frm="c_3_2" to="c_2_2" priority="1"><lane index="0" speed="11.111" length="120.0" /><lane index="1" speed="11.111" length="120.0" /></edge><edge id="e_93" frm="c_2_3" to="c_2_4" priority="1"><lane index="0" speed="11.111" length="120.0" /><lane index="1" speed="11.111" length="120.0" /><lane index="2" speed="11.111" length="120.0" /></edge><edge id="e_94" frm="c_2_4" to="c_2_3" priority="1"><lane index="0" speed="11.111" length="120.0" /><lane index="1" speed="11.111" length="120.0" /><lane index="2" speed="11.111" length="120.0" /></edge><edge id="e_95" frm="c_2_3" to="c_3_3" priority="1"><lane index="0" speed="16.667" length="120.0" /><lane index="1" speed="16.667" length="120.0" /><lane index="2" speed="16.667" length="120.0" /></edge><edge id="e_96" frm="c_3_3" to="c_2_3" priority="1"><lane index="0" speed="16.667" length="120.0" /><lane index="1" speed="16.667" length="120.0" /><lane index="2" speed="16.667" length="120.0" /></edge><edge id="e_97" frm="c_2_4" to="c_3_4" priority="1"><lane index="0" speed="11.111" length="120.0" /><lane index="1" speed="11.111" length="120.0" /></edge><edge id="e_98" frm="c_3_4" to="c_2_4" priority="1"><lane index="0" speed="11.111" length="120.0" /><lane index="1" speed="11.111" length="120.0" /></edge><edge id="e_99" frm="c_2_5" to="c_2_6" priority="1"><lane index="0" speed="11.111" length="120.0" /><lane index="1" speed="11.111" length="120.0" /></edge><edge id="e_100" frm="c_2_6" to="c_2_5" priority="1"><lane index="0" speed="11.111" length="120.0" /><lane index="1" speed="11.111" length="120.0" /></edge><edge id="e_101" frm="c_2_5" to="c_3_5" priority="1"><lane index="0" speed="11.111" length="120.0" /><lane index="1" speed="11.111" length="120.0" /></edge><edge id="e_102" frm="c_3_5" to="c_2_5" priority="1"><lane index="0" speed="11.111" length="120.0" /><lane index="1" speed="11.111" length="120.0" /></edge><edge id="e_103" frm="c_2_6" to="c_2_7" priority="1"><lane index="0" speed="11.111" length="120.0" /><lane index="1" speed="11.111" length="120.0" /><lane index="2" speed="11.111" length="120.0" /></edge><edge id="e_104" frm="c_2_7" to="c_2_6" priority="1"><lane index="0" speed="11.111" length="120.0" /><lane index="1" speed="11.111" length="120.0" /><lane index="2" speed="11.111" length="120.0" /></edge><edge id="e_105" frm="c_2_6" to="c_3_6" priority="1"><lane index="0" speed="16.667" length="120.0" /><lane index="1" speed="16.667" length="120.0" /><lane index="2" speed="16.667" length="120.0" /></edge><edge id="e_106" frm="c_3_6" to="c_2_6" priority="1"><lane index="0" speed="16.667" length="120.0" /><lane index="1" speed="16.667" length="120.0" /><lane index="2" speed="16.667" length="120.0" /></edge><edge id="e_107" frm="c_2_7" to="c_2_8" priority="1"><lane index="0" speed="11.111" length="120.0" /><lane index="1" speed="11.111" length="120.0" /></edge><edge id="e_108" frm="c_2_8" to="c_2_7" priority="1"><lane index="0" speed="11.111" length="120.0" /><lane index="1" speed="11.111" length="120.0" /></edge><edge id="e_109" frm="c_2_7" to="c_3_7" priority="1"><lane index="0" speed="11.111" length="120.0" /><lane index="1" speed="11.111" length="120.0" /></edge><edge id="e_110" frm="c_3_7" to="c_2_7" priority="1"><lane index="0" speed="11.111" length="120.0" /><lane index="1" speed="11.111" length="120.0" /></edge><edge id="e_111" frm="c_2_8" to="c_2_9" priority="1"><lane index="0" speed="11.111" length="120.0" /><lane index="1" speed="11.111" length="120.0" /></edge><edge id="e_112" frm="c_2_9" to="c_2_8" priority="1"><lane index="0" speed="11.111" length="120.0" /><lane index="1" speed="11.111" length="120.0" /></edge><edge id="e_113" frm="c_2_8" to="c_3_8" priority="1"><lane index="0" speed="11.111" length="120.0" /><lane index="1" speed="11.111" length="120.0" /></edge><edge id="e_114" frm="c_3_8" to="c_2_8" priority="1"><lane index="0" speed="11.111" length="120.0" /><lane index="1" speed="11.111" length="120.0" /></edge><edge id="e_115" frm="c_2_9" to="c_2_10" priority="1"><lane index="0" speed="11.111" length="120.0" /><lane index="1" speed="11.111" length="120.0" /><lane index="2" speed="11.111" length="120.0" /></edge><edge id="e_116" frm="c_2_10" to="c_2_9" priority="1"><lane index="0" speed="11.111" length="120.0" /><lane index="1" speed="11.111" length="120.0" /><lane index="2" speed="11.111" length="120.0" /></edge><edge id="e_117" frm="c_2_10" to="c_2_11" priority="1"><lane index="0" speed="11.111" length="120.0" /><lane index="1" speed="11.111" length="120.0" /></edge><edge id="e_118" frm="c_2_11" to="c_2_10" priority="1"><lane index="0" speed="11.111" length="120.0" /><lane index="1" speed="11.111" length="120.0" /></edge><edge id="e_119" frm="c_2_10" to="c_3_10" priority="1"><lane index="0" speed="11.111" length="120.0" /><lane index="1" speed="11.111" length="120.0" /></edge><edge id="e_120" frm="c_3_10" to="c_2_10" priority="1"><lane index="0" speed="11.111" length="120.0" /><lane index="1" speed="11.111" length="120.0" /></edge><edge id="e_121" frm="c_2_11" to="c_3_11" priority="1"><lane index="0" speed="11.111" length="120.0" /><lane index="1" speed="11.111" length="120.0" /></edge><edge id="e_122" frm="c_3_11" to="c_2_11" priority="1"><lane index="0" speed="11.111" length="120.0" /><lane index="1" speed="11.111" length="120.0" /></edge><edge id="e_123" frm="c_3_0" to="c_3_1" priority="1"><lane index="0" speed="16.667" length="120.0" /><lane index="1" speed="16.667" length="120.0" /><lane index="2" speed="16.667" length="120.0" /></edge><edge id="e_124" frm="c_3_1" to="c_3_0" priority="1"><lane index="0" speed="16.667" length="120.0" /><lane index="1" speed="16.667" length="120.0" /><lane index="2" speed="16.667" length="120.0" /></edge><edge id="e_125" frm="c_3_1" to="c_3_2" priority="1"><lane index="0" speed="16.667" length="120.0" /><lane index="1" speed="16.667" length="120.0" /><lane index="2" speed="16.667" length="120.0" /></edge><edge id="e_126" frm="c_3_2" to="c_3_1" priority="1"><lane index="0" speed="16.667" length="120.0" /><lane index="1" speed="16.667" length="120.0" /><lane index="2" speed="16.667" length="120.0" /></edge><edge id="e_127" frm="c_3_1" to="c_4_1" priority="1"><lane index="0" speed="11.111" length="120.0" /><lane index="1" speed="11.111" length="120.0" /><lane index="2" speed="11.111" length="120.0" /></edge><edge id="e_128" frm="c_4_1" to="c_3_1" priority="1"><lane index="0" speed="11.111" length="120.0" /><lane index="1" speed="11.111" length="120.0" /><lane index="2" speed="11.111" length="120.0" /></edge><edge id="e_129" frm="c_3_2" to="c_3_3" priority="1"><lane index="0" speed="16.667" length="120.0" /><lane index="1" speed="16.667" length="120.0" /><lane index="2" speed="16.667" length="120.0" /></edge><edge id="e_130" frm="c_3_3" to="c_3_2" priority="1"><lane index="0" speed="16.667" length="120.0" /><lane index="1" speed="16.667" length="120.0" /><lane index="2" speed="16.667" length="120.0" /></edge><edge id="e_131" frm="c_3_2" to="c_4_2" priority="1"><lane index="0" speed="11.111" length="120.0" /><lane index="1" speed="11.111" length="120.0" /><lane index="2" speed="11.111" length="120.0" /></edge><edge id="e_132" frm="c_4_2" to="c_3_2" priority="1"><lane index="0" speed="11.111" length="120.0" /><lane index="1" speed="11.111" length="120.0" /><lane index="2" speed="11.111" length="120.0" /></edge><edge id="e_133" frm="c_3_3" to="c_3_4" priority="1"><lane index="0" speed="16.667" length="120.0" /><lane index="1" speed="16.667" length="120.0" /><lane index="2" speed="16.667" length="120.0" /></edge><edge id="e_134" frm="c_3_4" to="c_3_3" priority="1"><lane index="0" speed="16.667" length="120.0" /><lane index="1" speed="16.667" length="120.0" /><lane index="2" speed="16.667" length="120.0" /></edge><edge id="e_135" frm="c_3_3" to="c_4_3" priority="1"><lane index="0" speed="16.667" length="120.0" /><lane index="1" speed="16.667" length="120.0" /><lane index="2" speed="16.667" length="120.0" /></edge><edge id="e_136" frm="c_4_3" to="c_3_3" priority="1"><lane index="0" speed="16.667" length="120.0" /><lane index="1" speed="16.667" length="120.0" /><lane index="2" speed="16.667" length="120.0" /></edge><edge id="e_137" frm="c_3_4" to="c_3_5" priority="1"><lane index="0" speed="16.667" length="120.0" /><lane index="1" speed="16.667" length="120.0" /><lane index="2" speed="16.667" length="120.0" /></edge><edge id="e_138" frm="c_3_5" to="c_3_4" priority="1"><lane index="0" speed="16.667" length="120.0" /><lane index="1" speed="16.667" length="120.0" /><lane index="2" speed="16.667" length="120.0" /></edge><edge id="e_139" frm="c_3_4" to="c_4_4" priority="1"><lane index="0" speed="11.111" length="120.0" /><lane index="1" speed="11.111" length="120.0" /><lane index="2" speed="11.111" length="120.0" /></edge><edge id="e_140" frm="c_4_4" to="c_3_4" priority="1"><lane index="0" speed="11.111" length="120.0" /><lane index="1" speed="11.111" length="120.0" /><lane index="2" speed="11.111" length="120.0" /></edge><edge id="e_141" frm="c_3_5" to="c_3_6" priority="1"><lane index="0" speed="16.667" length="120.0" /><lane index="1" speed="16.667" length="120.0" /><lane index="2" speed="16.667" length="120.0" /></edge><edge id="e_142" frm="c_3_6" to="c_3_5" priority="1"><lane index="0" speed="16.667" length="120.0" /><lane index="1" speed="16.667" length="120.0" /><lane index="2" speed="16.667" length="120.0" /></edge><edge id="e_143" frm="c_3_6" to="c_3_7" priority="1"><lane index="0" speed="16.667" length="120.0" /><lane index="1" speed="16.667" length="120.0" /><lane index="2" speed="16.667" length="120.0" /></edge><edge id="e_144" frm="c_3_7" to="c_3_6" priority="1"><lane index="0" speed="16.667" length="120.0" /><lane index="1" speed="16.667" length="120.0" /><lane index="2" speed="16.667" length="120.0" /></edge><edge id="e_145" frm="c_3_6" to="c_4_6" priority="1"><lane index="0" speed="16.667" length="120.0" /><lane index="1" speed="16.667" length="120.0" /><lane index="2" speed="16.667" length="120.0" /></edge><edge id="e_146" frm="c_4_6" to="c_3_6" priority="1"><lane index="0" speed="16.667" length="120.0" /><lane index="1" speed="16.667" length="120.0" /><lane index="2" speed="16.667" length="120.0" /></edge><edge id="e_147" frm="c_3_7" to="c_3_8" priority="1"><lane index="0" speed="16.667" length="120.0" /><lane index="1" speed="16.667" length="120.0" /><lane index="2" speed="16.667" length="120.0" /></edge><edge id="e_148" frm="c_3_8" to="c_3_7" priority="1"><lane index="0" speed="16.667" length="120.0" /><lane index="1" speed="16.667" length="120.0" /><lane index="2" speed="16.667" length="120.0" /></edge><edge id="e_149" frm="c_3_7" to="c_4_7" priority="1"><lane index="0" speed="11.111" length="120.0" /><lane index="1" speed="11.111" length="120.0" /><lane index="2" speed="11.111" length="120.0" /></edge><edge id="e_150" frm="c_4_7" to="c_3_7" priority="1"><lane index="0" speed="11.111" length="120.0" /><lane index="1" speed="11.111" length="120.0" /><lane index="2" speed="11.111" length="120.0" /></edge><edge id="e_151" frm="c_3_8" to="c_3_9" priority="1"><lane index="0" speed="16.667" length="120.0" /><lane index="1" speed="16.667" length="120.0" /><lane index="2" speed="16.667" length="120.0" /></edge><edge id="e_152" frm="c_3_9" to="c_3_8" priority="1"><lane index="0" speed="16.667" length="120.0" /><lane index="1" speed="16.667" length="120.0" /><lane index="2" speed="16.667" length="120.0" /></edge><edge id="e_153" frm="c_3_8" to="c_4_8" priority="1"><lane index="0" speed="11.111" length="120.0" /><lane index="1" speed="11.111" length="120.0" /><lane index="2" speed="11.111" length="120.0" /></edge><edge id="e_154" frm="c_4_8" to="c_3_8" priority="1"><lane index="0" speed="11.111" length="120.0" /><lane index="1" speed="11.111" length="120.0" /><lane index="2" speed="11.111" length="120.0" /></edge><edge id="e_155" frm="c_3_9" to="c_4_9" priority="1"><lane index="0" speed="16.667" length="120.0" /><lane index="1" speed="16.667" length="120.0" /><lane index="2" speed="16.667" length="120.0" /></edge><edge id="e_156" frm="c_4_9" to="c_3_9" priority="1"><lane index="0" speed="16.667" length="120.0" /><lane index="1" speed="16.667" length="120.0" /><lane index="2" speed="16.667" length="120.0" /></edge><edge id="e_157" frm="c_3_10" to="c_3_11" priority="1"><lane index="0" speed="16.667" length="120.0" /><lane index="1" speed="16.667" length="120.0" /><lane index="2" speed="16.667" length="120.0" /></edge><edge id="e_158" frm="c_3_11" to="c_3_10" priority="1"><lane index="0" speed="16.667" length="120.0" /><lane index="1" speed="16.667" length="120.0" /><lane index="2" speed="16.667" length="120.0" /></edge><edge id="e_159" frm="c_3_10" to="c_4_10" priority="1"><lane index="0" speed="11.111" length="120.0" /><lane index="1" speed="11.111" length="120.0" /><lane index="2" speed="11.111" length="120.0" /></edge><edge id="e_160" frm="c_4_10" to="c_3_10" priority="1"><lane index="0" speed="11.111" length="120.0" /><lane index="1" speed="11.111" length="120.0" /><lane index="2" speed="11.111" length="120.0" /></edge><edge id="e_161" frm="c_3_11" to="c_4_11" priority="1"><lane index="0" speed="11.111" length="120.0" /><lane index="1" speed="11.111" length="120.0" /><lane index="2" speed="11.111" length="120.0" /></edge><edge id="e_162" frm="c_4_11" to="c_3_11" priority="1"><lane index="0" speed="11.111" length="120.0" /><lane index="1" speed="11.111" length="120.0" /><lane index="2" speed="11.111" length="120.0" /></edge><edge id="e_163" frm="c_4_0" to="c_4_1" priority="1"><lane index="0" speed="11.111" length="120.0" /><lane index="1" speed="11.111" length="120.0" /><lane index="2" speed="11.111" length="120.0" /></edge><edge id="e_164" frm="c_4_1" to="c_4_0" priority="1"><lane index="0" speed="11.111" length="120.0" /><lane index="1" speed="11.111" length="120.0" /><lane index="2" speed="11.111" length="120.0" /></edge><edge id="e_165" frm="c_4_0" to="c_5_0" priority="1"><lane index="0" speed="16.667" length="120.0" /><lane index="1" speed="16.667" length="120.0" /><lane index="2" speed="16.667" length="120.0" /></edge><edge id="e_166" frm="c_5_0" to="c_4_0" priority="1"><lane index="0" speed="16.667" length="120.0" /><lane index="1" speed="16.667" length="120.0" /><lane index="2" speed="16.667" length="120.0" /></edge><edge id="e_167" frm="c_4_1" to="c_4_2" priority="1"><lane index="0" speed="11.111" length="120.0" /><lane index="1" speed="11.111" length="120.0" /></edge><edge id="e_168" frm="c_4_2" to="c_4_1" priority="1"><lane index="0" speed="11.111" length="120.0" /><lane index="1" speed="11.111" length="120.0" /></edge><edge id="e_169" frm="c_4_1" to="c_5_1" priority="1"><lane index="0" speed="11.111" length="120.0" /><lane index="1" speed="11.111" length="120.0" /></edge><edge id="e_170" frm="c_5_1" to="c_4_1" priority="1"><lane index="0" speed="11.111" length="120.0" /><lane index="1" speed="11.111" length="120.0" /></edge><edge id="e_171" frm="c_4_2" to="c_4_3" priority="1"><lane index="0" speed="11.111" length="120.0" /><lane index="1" speed="11.111" length="120.0" /></edge><edge id="e_172" frm="c_4_3" to="c_4_2" priority="1"><lane index="0" speed="11.111" length="120.0" /><lane index="1" speed="11.111" length="120.0" /></edge><edge id="e_173" frm="c_4_2" to="c_5_2" priority="1"><lane index="0" speed="11.111" length="120.0" /><lane index="1" speed="11.111" length="120.0" /></edge><edge id="e_174" frm="c_5_2" to="c_4_2" priority="1"><lane index="0" speed="11.111" length="120.0" /><lane index="1" speed="11.111" length="120.0" /></edge><edge id="e_175" frm="c_4_3" to="c_4_4" priority="1"><lane index="0" speed="11.111" length="120.0" /><lane index="1" speed="11.111" length="120.0" /><lane index="2" speed="11.111" length="120.0" /></edge><edge id="e_176" frm="c_4_4" to="c_4_3" priority="1"><lane index="0" speed="11.111" length="120.0" /><lane index="1" speed="11.111" length="120.0" /><lane index="2" speed="11.111" length="120.0" /></edge><edge id="e_177" frm="c_4_3" to="c_5_3" priority="1"><lane index="0" speed="16.667" length="120.0" /><lane index="1" speed="16.667" length="120.0" /><lane index="2" speed="16.667" length="120.0" /></edge><edge id="e_178" frm="c_5_3" to="c_4_3" priority="1"><lane index="0" speed="16.667" length="120.0" /><lane index="1" speed="16.667" length="120.0" /><lane index="2" speed="16.667" length="120.0" /></edge><edge id="e_179" frm="c_4_4" to="c_4_5" priority="1"><lane index="0" speed="11.111" length="120.0" /><lane index="1" speed="11.111" length="120.0" /></edge><edge id="e_180" frm="c_4_5" to="c_4_4" priority="1"><lane index="0" speed="11.111" length="120.0" /><lane index="1" speed="11.111" length="120.0" /></edge><edge id="e_181" frm="c_4_4" to="c_5_4" priority="1"><lane index="0" speed="11.111" length="120.0" /><lane index="1" speed="11.111" length="120.0" /></edge><edge id="e_182" frm="c_5_4" to="c_4_4" priority="1"><lane index="0" speed="11.111" length="120.0" /><lane index="1" speed="11.111" length="120.0" /></edge><edge id="e_183" frm="c_4_5" to="c_4_6" priority="1"><lane index="0" speed="11.111" length="120.0" /><lane index="1" speed="11.111" length="120.0" /></edge><edge id="e_184" frm="c_4_6" to="c_4_5" priority="1"><lane index="0" speed="11.111" length="120.0" /><lane index="1" speed="11.111" length="120.0" /></edge><edge id="e_185" frm="c_4_5" to="c_5_5" priority="1"><lane index="0" speed="11.111" length="120.0" /><lane index="1" speed="11.111" length="120.0" /></edge><edge id="e_186" frm="c_5_5" to="c_4_5" priority="1"><lane index="0" speed="11.111" length="120.0" /><lane index="1" speed="11.111" length="120.0" /></edge><edge id="e_187" frm="c_4_6" to="c_4_7" priority="1"><lane index="0" speed="11.111" length="120.0" /><lane index="1" speed="11.111" length="120.0" /><lane index="2" speed="11.111" length="120.0" /></edge><edge id="e_188" frm="c_4_7" to="c_4_6" priority="1"><lane index="0" speed="11.111" length="120.0" /><lane index="1" speed="11.111" length="120.0" /><lane index="2" speed="11.111" length="120.0" /></edge><edge id="e_189" frm="c_4_6" to="c_5_6" priority="1"><lane index="0" speed="16.667" length="120.0" /><lane index="1" speed="16.667" length="120.0" /><lane index="2" speed="16.667" length="120.0" /></edge><edge id="e_190" frm="c_5_6" to="c_4_6" priority="1"><lane index="0" speed="16.667" length="120.0" /><lane index="1" speed="16.667" length="120.0" /><lane index="2" speed="16.667" length="120.0" /></edge><edge id="e_191" frm="c_4_7" to="c_5_7" priority="1"><lane index="0" speed="11.111" length="120.0" /><lane index="1" speed="11.111" length="120.0" /></edge><edge id="e_192" frm="c_5_7" to="c_4_7" priority="1"><lane index="0" speed="11.111" length="120.0" /><lane index="1" speed="11.111" length="120.0" /></edge><edge id="e_193" frm="c_4_8" to="c_4_9" priority="1"><lane index="0" speed="11.111" length="120.0" /><lane index="1" speed="11.111" length="120.0" /></edge><edge id="e_194" frm="c_4_9" to="c_4_8" priority="1"><lane index="0" speed="11.111" length="120.0" /><lane index="1" speed="11.111" length="120.0" /></edge><edge id="e_195" frm="c_4_8" to="c_5_8" priority="1"><lane index="0" speed="11.111" length="120.0" /><lane index="1" speed="11.111" length="120.0" /></edge><edge id="e_196" frm="c_5_8" to="c_4_8" priority="1"><lane index="0" speed="11.111" length="120.0" /><lane index="1" speed="11.111" length="120.0" /></edge><edge id="e_197" frm="c_4_9" to="c_4_10" priority="1"><lane index="0" speed="11.111" length="120.0" /><lane index="1" speed="11.111" length="120.0" /><lane index="2" speed="11.111" length="120.0" /></edge><edge id="e_198" frm="c_4_10" to="c_4_9" priority="1"><lane index="0" speed="11.111" length="120.0" /><lane index="1" speed="11.111" length="120.0" /><lane index="2" speed="11.111" length="120.0" /></edge><edge id="e_199" frm="c_4_9" to="c_5_9" priority="1"><lane index="0" speed="16.667" length="120.0" /><lane index="1" speed="16.667" length="120.0" /><lane index="2" speed="16.667" length="120.0" /></edge><edge id="e_200" frm="c_5_9" to="c_4_9" priority="1"><lane index="0" speed="16.667" length="120.0" /><lane index="1" speed="16.667" length="120.0" /><lane index="2" speed="16.667" length="120.0" /></edge><edge id="e_201" frm="c_4_10" to="c_4_11" priority="1"><lane index="0" speed="11.111" length="120.0" /><lane index="1" speed="11.111" length="120.0" /></edge><edge id="e_202" frm="c_4_11" to="c_4_10" priority="1"><lane index="0" speed="11.111" length="120.0" /><lane index="1" speed="11.111" length="120.0" /></edge><edge id="e_203" frm="c_4_10" to="c_5_10" priority="1"><lane index="0" speed="11.111" length="120.0" /><lane index="1" speed="11.111" length="120.0" /></edge><edge id="e_204" frm="c_5_10" to="c_4_10" priority="1"><lane index="0" speed="11.111" length="120.0" /><lane index="1" speed="11.111" length="120.0" /></edge><edge id="e_205" frm="c_4_11" to="c_5_11" priority="1"><lane index="0" speed="11.111" length="120.0" /><lane index="1" speed="11.111" length="120.0" /></edge><edge id="e_206" frm="c_5_11" to="c_4_11" priority="1"><lane index="0" speed="11.111" length="120.0" /><lane index="1" speed="11.111" length="120.0" /></edge><edge id="e_207" frm="c_5_0" to="c_5_1" priority="1"><lane index="0" speed="11.111" length="120.0" /><lane index="1" speed="11.111" length="120.0" /><lane index="2" speed="11.111" length="120.0" /></edge><edge id="e_208" frm="c_5_1" to="c_5_0" priority="1"><lane index="0" speed="11.111" length="120.0" /><lane index="1" speed="11.111" length="120.0" /><lane index="2" speed="11.111" length="120.0" /></edge><edge id="e_209" frm="c_5_0" to="c_6_0" priority="1"><lane index="0" speed="16.667" length="120.0" /><lane index="1" speed="16.667" length="120.0" /><lane index="2" speed="16.667" length="120.0" /></edge><edge id="e_210" frm="c_6_0" to="c_5_0" priority="1"><lane index="0" speed="16.667" length="120.0" /><lane index="1" speed="16.667" length="120.0" /><lane index="2" speed="16.667" length="120.0" /></edge><edge id="e_211" frm="c_5_1" to="c_5_2" priority="1"><lane index="0" speed="11.111" length="120.0" /><lane index="1" speed="11.111" length="120.0" /></edge><edge id="e_212" frm="c_5_2" to="c_5_1" priority="1"><lane index="0" speed="11.111" length="120.0" /><lane index="1" speed="11.111" length="120.0" /></edge><edge id="e_213" frm="c_5_2" to="c_5_3" priority="1"><lane index="0" speed="11.111" length="120.0" /><lane index="1" speed="11.111" length="120.0" /></edge><edge id="e_214" frm="c_5_3" to="c_5_2" priority="1"><lane index="0" speed="11.111" length="120.0" /><lane index="1" speed="11.111" length="120.0" /></edge><edge id="e_215" frm="c_5_2" to="c_6_2" priority="1"><lane index="0" speed="11.111" length="120.0" /><lane index="1" speed="11.111" length="120.0" /></edge><edge id="e_216" frm="c_6_2" to="c_5_2" priority="1"><lane index="0" speed="11.111" length="120.0" /><lane index="1" speed="11.111" length="120.0" /></edge><edge id="e_217" frm="c_5_3" to="c_5_4" priority="1"><lane index="0" speed="11.111" length="120.0" /><lane index="1" speed="11.111" length="120.0" /><lane index="2" speed="11.111" length="120.0" /></edge><edge id="e_218" frm="c_5_4" to="c_5_3" priority="1"><lane index="0" speed="11.111" length="120.0" /><lane index="1" speed="11.111" length="120.0" /><lane index="2" speed="11.111" length="120.0" /></edge><edge id="e_219" frm="c_5_3" to="c_6_3" priority="1"><lane index="0" speed="16.667" length="120.0" /><lane index="1" speed="16.667" length="120.0" /><lane index="2" speed="16.667" length="120.0" /></edge><edge id="e_220" frm="c_6_3" to="c_5_3" priority="1"><lane index="0" speed="16.667" length="120.0" /><lane index="1" speed="16.667" length="120.0" /><lane index="2" speed="16.667" length="120.0" /></edge><edge id="e_221" frm="c_5_4" to="c_5_5" priority="1"><lane index="0" speed="11.111" length="120.0" /><lane index="1" speed="11.111" length="120.0" /></edge><edge id="e_222" frm="c_5_5" to="c_5_4" priority="1"><lane index="0" speed="11.111" length="120.0" /><lane index="1" speed="11.111" length="120.0" /></edge><edge id="e_223" frm="c_5_4" to="c_6_4" priority="1"><lane index="0" speed="11.111" length="120.0" /><lane index="1" speed="11.111" length="120.0" /></edge><edge id="e_224" frm="c_6_4" to="c_5_4" priority="1"><lane index="0" speed="11.111" length="120.0" /><lane index="1" speed="11.111" length="120.0" /></edge><edge id="e_225" frm="c_5_5" to="c_5_6" priority="1"><lane index="0" speed="11.111" length="120.0" /><lane index="1" speed="11.111" length="120.0" /></edge><edge id="e_226" frm="c_5_6" to="c_5_5" priority="1"><lane index="0" speed="11.111" length="120.0" /><lane index="1" speed="11.111" length="120.0" /></edge><edge id="e_227" frm="c_5_5" to="c_6_5" priority="1"><lane index="0" speed="11.111" length="120.0" /><lane index="1" speed="11.111" length="120.0" /></edge><edge id="e_228" frm="c_6_5" to="c_5_5" priority="1"><lane index="0" speed="11.111" length="120.0" /><lane index="1" speed="11.111" length="120.0" /></edge><edge id="e_229" frm="c_5_6" to="c_6_6" priority="1"><lane index="0" speed="16.667" length="120.0" /><lane index="1" speed="16.667" length="120.0" /><lane index="2" speed="16.667" length="120.0" /></edge><edge id="e_230" frm="c_6_6" to="c_5_6" priority="1"><lane index="0" speed="16.667" length="120.0" /><lane index="1" speed="16.667" length="120.0" /><lane index="2" speed="16.667" length="120.0" /></edge><edge id="e_231" frm="c_5_7" to="c_5_8" priority="1"><lane index="0" speed="11.111" length="120.0" /><lane index="1" speed="11.111" length="120.0" /></edge><edge id="e_232" frm="c_5_8" to="c_5_7" priority="1"><lane index="0" speed="11.111" length="120.0" /><lane index="1" speed="11.111" length="120.0" /></edge><edge id="e_233" frm="c_5_7" to="c_6_7" priority="1"><lane index="0" speed="11.111" length="120.0" /><lane index="1" speed="11.111" length="120.0" /></edge><edge id="e_234" frm="c_6_7" to="c_5_7" priority="1"><lane index="0" speed="11.111" length="120.0" /><lane index="1" speed="11.111" length="120.0" /></edge><edge id="e_235" frm="c_5_8" to="c_6_8" priority="1"><lane index="0" speed="11.111" length="120.0" /><lane index="1" speed="11.111" length="120.0" /></edge><edge id="e_236" frm="c_6_8" to="c_5_8" priority="1"><lane index="0" speed="11.111" length="120.0" /><lane index="1" speed="11.111" length="120.0" /></edge><edge id="e_237" frm="c_5_9" to="c_5_10" priority="1"><lane index="0" speed="11.111" length="120.0" /><lane index="1" speed="11.111" length="120.0" /><lane index="2" speed="11.111" length="120.0" /></edge><edge id="e_238" frm="c_5_10" to="c_5_9" priority="1"><lane index="0" speed="11.111" length="120.0" /><lane index="1" speed="11.111" length="120.0" /><lane index="2" speed="11.111" length="120.0" /></edge><edge id="e_239" frm="c_5_9" to="c_6_9" priority="1"><lane index="0" speed="16.667" length="120.0" /><lane index="1" speed="16.667" length="120.0" /><lane index="2" speed="16.667" length="120.0" /></edge><edge id="e_240" frm="c_6_9" to="c_5_9" priority="1"><lane index="0" speed="16.667" length="120.0" /><lane index="1" speed="16.667" length="120.0" /><lane index="2" speed="16.667" length="120.0" /></edge><edge id="e_241" frm="c_5_10" to="c_5_11" priority="1"><lane index="0" speed="11.111" length="120.0" /><lane index="1" speed="11.111" length="120.0" /></edge><edge id="e_242" frm="c_5_11" to="c_5_10" priority="1"><lane index="0" speed="11.111" length="120.0" /><lane index="1" speed="11.111" length="120.0" /></edge><edge id="e_243" frm="c_5_10" to="c_6_10" priority="1"><lane index="0" speed="11.111" length="120.0" /><lane index="1" speed="11.111" length="120.0" /></edge><edge id="e_244" frm="c_6_10" to="c_5_10" priority="1"><lane index="0" speed="11.111" length="120.0" /><lane index="1" speed="11.111" length="120.0" /></edge><edge id="e_245" frm="c_5_11" to="c_6_11" priority="1"><lane index="0" speed="11.111" length="120.0" /><lane index="1" speed="11.111" length="120.0" /></edge><edge id="e_246" frm="c_6_11" to="c_5_11" priority="1"><lane index="0" speed="11.111" length="120.0" /><lane index="1" speed="11.111" length="120.0" /></edge><edge id="e_247" frm="c_6_0" to="c_6_1" priority="1"><lane index="0" speed="16.667" length="120.0" /><lane index="1" speed="16.667" length="120.0" /><lane index="2" speed="16.667" length="120.0" /></edge><edge id="e_248" frm="c_6_1" to="c_6_0" priority="1"><lane index="0" speed="16.667" length="120.0" /><lane index="1" speed="16.667" length="120.0" /><lane index="2" speed="16.667" length="120.0" /></edge><edge id="e_249" frm="c_6_1" to="c_6_2" priority="1"><lane index="0" speed="16.667" length="120.0" /><lane index="1" speed="16.667" length="120.0" /><lane index="2" speed="16.667" length="120.0" /></edge><edge id="e_250" frm="c_6_2" to="c_6_1" priority="1"><lane index="0" speed="16.667" length="120.0" /><lane index="1" speed="16.667" length="120.0" /><lane index="2" speed="16.667" length="120.0" /></edge><edge id="e_251" frm="c_6_1" to="c_7_1" priority="1"><lane index="0" speed="11.111" length="120.0" /><lane index="1" speed="11.111" length="120.0" /><lane index="2" speed="11.111" length="120.0" /></edge><edge id="e_252" frm="c_7_1" to="c_6_1" priority="1"><lane index="0" speed="11.111" length="120.0" /><lane index="1" speed="11.111" length="120.0" /><lane index="2" speed="11.111" length="120.0" /></edge><edge id="e_253" frm="c_6_2" to="c_7_2" priority="1"><lane index="0" speed="11.111" length="120.0" /><lane index="1" speed="11.111" length="120.0" /><lane index="2" speed="11.111" length="120.0" /></edge><edge id="e_254" frm="c_7_2" to="c_6_2" priority="1"><lane index="0" speed="11.111" length="120.0" /><lane index="1" speed="11.111" length="120.0" /><lane index="2" speed="11.111" length="120.0" /></edge><edge id="e_255" frm="c_6_3" to="c_6_4" priority="1"><lane index="0" speed="16.667" length="120.0" /><lane index="1" speed="16.667" length="120.0" /><lane index="2" speed="16.667" length="120.0" /></edge><edge id="e_256" frm="c_6_4" to="c_6_3" priority="1"><lane index="0" speed="16.667" length="120.0" /><lane index="1" speed="16.667" length="120.0" /><lane index="2" speed="16.667" length="120.0" /></edge><edge id="e_257" frm="c_6_3" to="c_7_3" priority="1"><lane index="0" speed="16.667" length="120.0" /><lane index="1" speed="16.667" length="120.0" /><lane index="2" speed="16.667" length="120.0" /></edge><edge id="e_258" frm="c_7_3" to="c_6_3" priority="1"><lane index="0" speed="16.667" length="120.0" /><lane index="1" speed="16.667" length="120.0" /><lane index="2" speed="16.667" length="120.0" /></edge><edge id="e_259" frm="c_6_4" to="c_6_5" priority="1"><lane index="0" speed="16.667" length="120.0" /><lane index="1" speed="16.667" length="120.0" /><lane index="2" speed="16.667" length="120.0" /></edge><edge id="e_260" frm="c_6_5" to="c_6_4" priority="1"><lane index="0" speed="16.667" length="120.0" /><lane index="1" speed="16.667" length="120.0" /><lane index="2" speed="16.667" length="120.0" /></edge><edge id="e_261" frm="c_6_5" to="c_6_6" priority="1"><lane index="0" speed="16.667" length="120.0" /><lane index="1" speed="16.667" length="120.0" /><lane index="2" speed="16.667" length="120.0" /></edge><edge id="e_262" frm="c_6_6" to="c_6_5" priority="1"><lane index="0" speed="16.667" length="120.0" /><lane index="1" speed="16.667" length="120.0" /><lane index="2" speed="16.667" length="120.0" /></edge><edge id="e_263" frm="c_6_5" to="c_7_5" priority="1"><lane index="0" speed="11.111" length="120.0" /><lane index="1" speed="11.111" length="120.0" /><lane index="2" speed="11.111" length="120.0" /></edge><edge id="e_264" frm="c_7_5" to="c_6_5" priority="1"><lane index="0" speed="11.111" length="120.0" /><lane index="1" speed="11.111" length="120.0" /><lane index="2" speed="11.111" length="120.0" /></edge><edge id="e_265" frm="c_6_6" to="c_6_7" priority="1"><lane index="0" speed="16.667" length="120.0" /><lane index="1" speed="16.667" length="120.0" /><lane index="2" speed="16.667" length="120.0" /></edge><edge id="e_266" frm="c_6_7" to="c_6_6" priority="1"><lane index="0" speed="16.667" length="120.0" /><lane index="1" speed="16.667" length="120.0" /><lane index="2" speed="16.667" length="120.0" /></edge><edge id="e_267" frm="c_6_6" to="c_7_6" priority="1"><lane index="0" speed="16.667" length="120.0" /><lane index="1" speed="16.667" length="120.0" /><lane index="2" speed="16.667" length="120.0" /></edge><edge id="e_268" frm="c_7_6" to="c_6_6" priority="1"><lane index="0" speed="16.667" length="120.0" /><lane index="1" speed="16.667" length="120.0" /><lane index="2" speed="16.667" length="120.0" /></edge><edge id="e_269" frm="c_6_7" to="c_6_8" priority="1"><lane index="0" speed="16.667" length="120.0" /><lane index="1" speed="16.667" length="120.0" /><lane index="2" speed="16.667" length="120.0" /></edge><edge id="e_270" frm="c_6_8" to="c_6_7" priority="1"><lane index="0" speed="16.667" length="120.0" /><lane index="1" speed="16.667" length="120.0" /><lane index="2" speed="16.667" length="120.0" /></edge><edge id="e_271" frm="c_6_7" to="c_7_7" priority="1"><lane index="0" speed="11.111" length="120.0" /><lane index="1" speed="11.111" length="120.0" /><lane index="2" speed="11.111" length="120.0" /></edge><edge id="e_272" frm="c_7_7" to="c_6_7" priority="1"><lane index="0" speed="11.111" length="120.0" /><lane index="1" speed="11.111" length="120.0" /><lane index="2" speed="11.111" length="120.0" /></edge><edge id="e_273" frm="c_6_8" to="c_6_9" priority="1"><lane index="0" speed="16.667" length="120.0" /><lane index="1" speed="16.667" length="120.0" /><lane index="2" speed="16.667" length="120.0" /></edge><edge id="e_274" frm="c_6_9" to="c_6_8" priority="1"><lane index="0" speed="16.667" length="120.0" /><lane index="1" speed="16.667" length="120.0" /><lane index="2" speed="16.667" length="120.0" /></edge><edge id="e_275" frm="c_6_8" to="c_7_8" priority="1"><lane index="0" speed="11.111" length="120.0" /><lane index="1" speed="11.111" length="120.0" /><lane index="2" speed="11.111" length="120.0" /></edge><edge id="e_276" frm="c_7_8" to="c_6_8" priority="1"><lane index="0" speed="11.111" length="120.0" /><lane index="1" speed="11.111" length="120.0" /><lane index="2" speed="11.111" length="120.0" /></edge><edge id="e_277" frm="c_6_9" to="c_6_10" priority="1"><lane index="0" speed="16.667" length="120.0" /><lane index="1" speed="16.667" length="120.0" /><lane index="2" speed="16.667" length="120.0" /></edge><edge id="e_278" frm="c_6_10" to="c_6_9" priority="1"><lane index="0" speed="16.667" length="120.0" /><lane index="1" speed="16.667" length="120.0" /><lane index="2" speed="16.667" length="120.0" /></edge><edge id="e_279" frm="c_6_9" to="c_7_9" priority="1"><lane index="0" speed="16.667" length="120.0" /><lane index="1" speed="16.667" length="120.0" /><lane index="2" speed="16.667" length="120.0" /></edge><edge id="e_280" frm="c_7_9" to="c_6_9" priority="1"><lane index="0" speed="16.667" length="120.0" /><lane index="1" speed="16.667" length="120.0" /><lane index="2" speed="16.667" length="120.0" /></edge><edge id="e_281" frm="c_6_10" to="c_6_11" priority="1"><lane index="0" speed="16.667" length="120.0" /><lane index="1" speed="16.667" length="120.0" /><lane index="2" speed="16.667" length="120.0" /></edge><edge id="e_282" frm="c_6_11" to="c_6_10" priority="1"><lane index="0" speed="16.667" length="120.0" /><lane index="1" speed="16.667" length="120.0" /><lane index="2" speed="16.667" length="120.0" /></edge><edge id="e_283" frm="c_6_10" to="c_7_10" priority="1"><lane index="0" speed="11.111" length="120.0" /><lane index="1" speed="11.111" length="120.0" /><lane index="2" speed="11.111" length="120.0" /></edge><edge id="e_284" frm="c_7_10" to="c_6_10" priority="1"><lane index="0" speed="11.111" length="120.0" /><lane index="1" speed="11.111" length="120.0" /><lane index="2" speed="11.111" length="120.0" /></edge><edge id="e_285" frm="c_6_11" to="c_7_11" priority="1"><lane index="0" speed="11.111" length="120.0" /><lane index="1" speed="11.111" length="120.0" /><lane index="2" speed="11.111" length="120.0" /></edge><edge id="e_286" frm="c_7_11" to="c_6_11" priority="1"><lane index="0" speed="11.111" length="120.0" /><lane index="1" speed="11.111" length="120.0" /><lane index="2" speed="11.111" length="120.0" /></edge><edge id="e_287" frm="c_7_0" to="c_7_1" priority="1"><lane index="0" speed="11.111" length="120.0" /><lane index="1" speed="11.111" length="120.0" /><lane index="2" speed="11.111" length="120.0" /></edge><edge id="e_288" frm="c_7_1" to="c_7_0" priority="1"><lane index="0" speed="11.111" length="120.0" /><lane index="1" speed="11.111" length="120.0" /><lane index="2" speed="11.111" length="120.0" /></edge><edge id="e_289" frm="c_7_0" to="c_8_0" priority="1"><lane index="0" speed="16.667" length="120.0" /><lane index="1" speed="16.667" length="120.0" /><lane index="2" speed="16.667" length="120.0" /></edge><edge id="e_290" frm="c_8_0" to="c_7_0" priority="1"><lane index="0" speed="16.667" length="120.0" /><lane index="1" speed="16.667" length="120.0" /><lane index="2" speed="16.667" length="120.0" /></edge><edge id="e_291" frm="c_7_1" to="c_7_2" priority="1"><lane index="0" speed="11.111" length="120.0" /><lane index="1" speed="11.111" length="120.0" /></edge><edge id="e_292" frm="c_7_2" to="c_7_1" priority="1"><lane index="0" speed="11.111" length="120.0" /><lane index="1" speed="11.111" length="120.0" /></edge><edge id="e_293" frm="c_7_1" to="c_8_1" priority="1"><lane index="0" speed="11.111" length="120.0" /><lane index="1" speed="11.111" length="120.0" /></edge><edge id="e_294" frm="c_8_1" to="c_7_1" priority="1"><lane index="0" speed="11.111" length="120.0" /><lane index="1" speed="11.111" length="120.0" /></edge><edge id="e_295" frm="c_7_2" to="c_7_3" priority="1"><lane index="0" speed="11.111" length="120.0" /><lane index="1" speed="11.111" length="120.0" /></edge><edge id="e_296" frm="c_7_3" to="c_7_2" priority="1"><lane index="0" speed="11.111" length="120.0" /><lane index="1" speed="11.111" length="120.0" /></edge><edge id="e_297" frm="c_7_2" to="c_8_2" priority="1"><lane index="0" speed="11.111" length="120.0" /><lane index="1" speed="11.111" length="120.0" /></edge><edge id="e_298" frm="c_8_2" to="c_7_2" priority="1"><lane index="0" speed="11.111" length="120.0" /><lane index="1" speed="11.111" length="120.0" /></edge><edge id="e_299" frm="c_7_3" to="c_7_4" priority="1"><lane index="0" speed="11.111" length="120.0" /><lane index="1" speed="11.111" length="120.0" /><lane index="2" speed="11.111" length="120.0" /></edge><edge id="e_300" frm="c_7_4" to="c_7_3" priority="1"><lane index="0" speed="11.111" length="120.0" /><lane index="1" speed="11.111" length="120.0" /><lane index="2" speed="11.111" length="120.0" /></edge><edge id="e_301" frm="c_7_3" to="c_8_3" priority="1"><lane index="0" speed="16.667" length="120.0" /><lane index="1" speed="16.667" length="120.0" /><lane index="2" speed="16.667" length="120.0" /></edge><edge id="e_302" frm="c_8_3" to="c_7_3" priority="1"><lane index="0" speed="16.667" length="120.0" /><lane index="1" speed="16.667" length="120.0" /><lane index="2" speed="16.667" length="120.0" /></edge><edge id="e_303" frm="c_7_4" to="c_7_5" priority="1"><lane index="0" speed="11.111" length="120.0" /><lane index="1" speed="11.111" length="120.0" /></edge><edge id="e_304" frm="c_7_5" to="c_7_4" priority="1"><lane index="0" speed="11.111" length="120.0" /><lane index="1" speed="11.111" length="120.0" /></edge><edge id="e_305" frm="c_7_4" to="c_8_4" priority="1"><lane index="0" speed="11.111" length="120.0" /><lane index="1" speed="11.111" length="120.0" /></edge><edge id="e_306" frm="c_8_4" to="c_7_4" priority="1"><lane index="0" speed="11.111" length="120.0" /><lane index="1" speed="11.111" length="120.0" /></edge><edge id="e_307" frm="c_7_5" to="c_7_6" priority="1"><lane index="0" speed="11.111" length="120.0" /><lane index="1" speed="11.111" length="120.0" /></edge><edge id="e_308" frm="c_7_6" to="c_7_5" priority="1"><lane index="0" speed="11.111" length="120.0" /><lane index="1" speed="11.111" length="120.0" /></edge><edge id="e_309" frm="c_7_6" to="c_7_7" priority="1"><lane index="0" speed="11.111" length="120.0" /><lane index="1" speed="11.111" length="120.0" /><lane index="2" speed="11.111" length="120.0" /></edge><edge id="e_310" frm="c_7_7" to="c_7_6" priority="1"><lane index="0" speed="11.111" length="120.0" /><lane index="1" speed="11.111" length="120.0" /><lane index="2" speed="11.111" length="120.0" /></edge><edge id="e_311" frm="c_7_6" to="c_8_6" priority="1"><lane index="0" speed="16.667" length="120.0" /><lane index="1" speed="16.667" length="120.0" /><lane index="2" speed="16.667" length="120.0" /></edge><edge id="e_312" frm="c_8_6" to="c_7_6" priority="1"><lane index="0" speed="16.667" length="120.0" /><lane index="1" speed="16.667" length="120.0" /><lane index="2" speed="16.667" length="120.0" /></edge><edge id="e_313" frm="c_7_7" to="c_7_8" priority="1"><lane index="0" speed="11.111" length="120.0" /><lane index="1" speed="11.111" length="120.0" /></edge><edge id="e_314" frm="c_7_8" to="c_7_7" priority="1"><lane index="0" speed="11.111" length="120.0" /><lane index="1" speed="11.111" length="120.0" /></edge><edge id="e_315" frm="c_7_7" to="c_8_7" priority="1"><lane index="0" speed="11.111" length="120.0" /><lane index="1" speed="11.111" length="120.0" /></edge><edge id="e_316" frm="c_8_7" to="c_7_7" priority="1"><lane index="0" speed="11.111" length="120.0" /><lane index="1" speed="11.111" length="120.0" /></edge><edge id="e_317" frm="c_7_8" to="c_7_9" priority="1"><lane index="0" speed="11.111" length="120.0" /><lane index="1" speed="11.111" length="120.0" /></edge><edge id="e_318" frm="c_7_9" to="c_7_8" priority="1"><lane index="0" speed="11.111" length="120.0" /><lane index="1" speed="11.111" length="120.0" /></edge><edge id="e_319" frm="c_7_8" to="c_8_8" priority="1"><lane index="0" speed="11.111" length="120.0" /><lane index="1" speed="11.111" length="120.0" /></edge><edge id="e_320" frm="c_8_8" to="c_7_8" priority="1"><lane index="0" speed="11.111" length="120.0" /><lane index="1" speed="11.111" length="120.0" /></edge><edge id="e_321" frm="c_7_9" to="c_7_10" priority="1"><lane index="0" speed="11.111" length="120.0" /><lane index="1" speed="11.111" length="120.0" /><lane index="2" speed="11.111" length="120.0" /></edge><edge id="e_322" frm="c_7_10" to="c_7_9" priority="1"><lane index="0" speed="11.111" length="120.0" /><lane index="1" speed="11.111" length="120.0" /><lane index="2" speed="11.111" length="120.0" /></edge><edge id="e_323" frm="c_7_9" to="c_8_9" priority="1"><lane index="0" speed="16.667" length="120.0" /><lane index="1" speed="16.667" length="120.0" /><lane index="2" speed="16.667" length="120.0" /></edge><edge id="e_324" frm="c_8_9" to="c_7_9" priority="1"><lane index="0" speed="16.667" length="120.0" /><lane index="1" speed="16.667" length="120.0" /><lane index="2" speed="16.667" length="120.0" /></edge><edge id="e_325" frm="c_7_10" to="c_8_10" priority="1"><lane index="0" speed="11.111" length="120.0" /><lane index="1" speed="11.111" length="120.0" /></edge><edge id="e_326" frm="c_8_10" to="c_7_10" priority="1"><lane index="0" speed="11.111" length="120.0" /><lane index="1" speed="11.111" length="120.0" /></edge><edge id="e_327" frm="c_7_11" to="c_8_11" priority="1"><lane index="0" speed="11.111" length="120.0" /><lane index="1" speed="11.111" length="120.0" /></edge><edge id="e_328" frm="c_8_11" to="c_7_11" priority="1"><lane index="0" speed="11.111" length="120.0" /><lane index="1" speed="11.111" length="120.0" /></edge><edge id="e_329" frm="c_8_0" to="c_8_1" priority="1"><lane index="0" speed="11.111" length="120.0" /><lane index="1" speed="11.111" length="120.0" /><lane index="2" speed="11.111" length="120.0" /></edge><edge id="e_330" frm="c_8_1" to="c_8_0" priority="1"><lane index="0" speed="11.111" length="120.0" /><lane index="1" speed="11.111" length="120.0" /><lane index="2" speed="11.111" length="120.0" /></edge><edge id="e_331" frm="c_8_0" to="c_9_0" priority="1"><lane index="0" speed="16.667" length="120.0" /><lane index="1" speed="16.667" length="120.0" /><lane index="2" speed="16.667" length="120.0" /></edge><edge id="e_332" frm="c_9_0" to="c_8_0" priority="1"><lane index="0" speed="16.667" length="120.0" /><lane index="1" speed="16.667" length="120.0" /><lane index="2" speed="16.667" length="120.0" /></edge><edge id="e_333" frm="c_8_1" to="c_8_2" priority="1"><lane index="0" speed="11.111" length="120.0" /><lane index="1" speed="11.111" length="120.0" /></edge><edge id="e_334" frm="c_8_2" to="c_8_1" priority="1"><lane index="0" speed="11.111" length="120.0" /><lane index="1" speed="11.111" length="120.0" /></edge><edge id="e_335" frm="c_8_1" to="c_9_1" priority="1"><lane index="0" speed="11.111" length="120.0" /><lane index="1" speed="11.111" length="120.0" /></edge><edge id="e_336" frm="c_9_1" to="c_8_1" priority="1"><lane index="0" speed="11.111" length="120.0" /><lane index="1" speed="11.111" length="120.0" /></edge><edge id="e_337" frm="c_8_2" to="c_8_3" priority="1"><lane index="0" speed="11.111" length="120.0" /><lane index="1" speed="11.111" length="120.0" /></edge><edge id="e_338" frm="c_8_3" to="c_8_2" priority="1"><lane index="0" speed="11.111" length="120.0" /><lane index="1" speed="11.111" length="120.0" /></edge><edge id="e_339" frm="c_8_2" to="c_9_2" priority="1"><lane index="0" speed="11.111" length="120.0" /><lane index="1" speed="11.111" length="120.0" /></edge><edge id="e_340" frm="c_9_2" to="c_8_2" priority="1"><lane index="0" speed="11.111" length="120.0" /><lane index="1" speed="11.111" length="120.0" /></edge><edge id="e_341" frm="c_8_3" to="c_8_4" priority="1"><lane index="0" speed="11.111" length="120.0" /><lane index="1" speed="11.111" length="120.0" /><lane index="2" speed="11.111" length="120.0" /></edge><edge id="e_342" frm="c_8_4" to="c_8_3" priority="1"><lane index="0" speed="11.111" length="120.0" /><lane index="1" speed="11.111" length="120.0" /><lane index="2" speed="11.111" length="120.0" /></edge><edge id="e_343" frm="c_8_3" to="c_9_3" priority="1"><lane index="0" speed="16.667" length="120.0" /><lane index="1" speed="16.667" length="120.0" /><lane index="2" speed="16.667" length="120.0" /></edge><edge id="e_344" frm="c_9_3" to="c_8_3" priority="1"><lane index="0" speed="16.667" length="120.0" /><lane index="1" speed="16.667" length="120.0" /><lane index="2" speed="16.667" length="120.0" /></edge><edge id="e_345" frm="c_8_4" to="c_8_5" priority="1"><lane index="0" speed="11.111" length="120.0" /><lane index="1" speed="11.111" length="120.0" /></edge><edge id="e_346" frm="c_8_5" to="c_8_4" priority="1"><lane index="0" speed="11.111" length="120.0" /><lane index="1" speed="11.111" length="120.0" /></edge><edge id="e_347" frm="c_8_5" to="c_8_6" priority="1"><lane index="0" speed="11.111" length="120.0" /><lane index="1" speed="11.111" length="120.0" /></edge><edge id="e_348" frm="c_8_6" to="c_8_5" priority="1"><lane index="0" speed="11.111" length="120.0" /><lane index="1" speed="11.111" length="120.0" /></edge><edge id="e_349" frm="c_8_5" to="c_9_5" priority="1"><lane index="0" speed="11.111" length="120.0" /><lane index="1" speed="11.111" length="120.0" /></edge><edge id="e_350" frm="c_9_5" to="c_8_5" priority="1"><lane index="0" speed="11.111" length="120.0" /><lane index="1" speed="11.111" length="120.0" /></edge><edge id="e_351" frm="c_8_6" to="c_8_7" priority="1"><lane index="0" speed="11.111" length="120.0" /><lane index="1" speed="11.111" length="120.0" /><lane index="2" speed="11.111" length="120.0" /></edge><edge id="e_352" frm="c_8_7" to="c_8_6" priority="1"><lane index="0" speed="11.111" length="120.0" /><lane index="1" speed="11.111" length="120.0" /><lane index="2" speed="11.111" length="120.0" /></edge><edge id="e_353" frm="c_8_6" to="c_9_6" priority="1"><lane index="0" speed="16.667" length="120.0" /><lane index="1" speed="16.667" length="120.0" /><lane index="2" speed="16.667" length="120.0" /></edge><edge id="e_354" frm="c_9_6" to="c_8_6" priority="1"><lane index="0" speed="16.667" length="120.0" /><lane index="1" speed="16.667" length="120.0" /><lane index="2" speed="16.667" length="120.0" /></edge><edge id="e_355" frm="c_8_7" to="c_8_8" priority="1"><lane index="0" speed="11.111" length="120.0" /><lane index="1" speed="11.111" length="120.0" /></edge><edge id="e_356" frm="c_8_8" to="c_8_7" priority="1"><lane index="0" speed="11.111" length="120.0" /><lane index="1" speed="11.111" length="120.0" /></edge><edge id="e_357" frm="c_8_7" to="c_9_7" priority="1"><lane index="0" speed="11.111" length="120.0" /><lane index="1" speed="11.111" length="120.0" /></edge><edge id="e_358" frm="c_9_7" to="c_8_7" priority="1"><lane index="0" speed="11.111" length="120.0" /><lane index="1" speed="11.111" length="120.0" /></edge><edge id="e_359" frm="c_8_8" to="c_8_9" priority="1"><lane index="0" speed="11.111" length="120.0" /><lane index="1" speed="11.111" length="120.0" /></edge><edge id="e_360" frm="c_8_9" to="c_8_8" priority="1"><lane index="0" speed="11.111" length="120.0" /><lane index="1" speed="11.111" length="120.0" /></edge><edge id="e_361" frm="c_8_8" to="c_9_8" priority="1"><lane index="0" speed="11.111" length="120.0" /><lane index="1" speed="11.111" length="120.0" /></edge><edge id="e_362" frm="c_9_8" to="c_8_8" priority="1"><lane index="0" speed="11.111" length="120.0" /><lane index="1" speed="11.111" length="120.0" /></edge><edge id="e_363" frm="c_8_9" to="c_8_10" priority="1"><lane index="0" speed="11.111" length="120.0" /><lane index="1" speed="11.111" length="120.0" /><lane index="2" speed="11.111" length="120.0" /></edge><edge id="e_364" frm="c_8_10" to="c_8_9" priority="1"><lane index="0" speed="11.111" length="120.0" /><lane index="1" speed="11.111" length="120.0" /><lane index="2" speed="11.111" length="120.0" /></edge><edge id="e_365" frm="c_8_9" to="c_9_9" priority="1"><lane index="0" speed="16.667" length="120.0" /><lane index="1" speed="16.667" length="120.0" /><lane index="2" speed="16.667" length="120.0" /></edge><edge id="e_366" frm="c_9_9" to="c_8_9" priority="1"><lane index="0" speed="16.667" length="120.0" /><lane index="1" speed="16.667" length="120.0" /><lane index="2" speed="16.667" length="120.0" /></edge><edge id="e_367" frm="c_8_10" to="c_8_11" priority="1"><lane index="0" speed="11.111" length="120.0" /><lane index="1" speed="11.111" length="120.0" /></edge><edge id="e_368" frm="c_8_11" to="c_8_10" priority="1"><lane index="0" speed="11.111" length="120.0" /><lane index="1" speed="11.111" length="120.0" /></edge><edge id="e_369" frm="c_8_11" to="c_9_11" priority="1"><lane index="0" speed="11.111" length="120.0" /><lane index="1" speed="11.111" length="120.0" /></edge><edge id="e_370" frm="c_9_11" to="c_8_11" priority="1"><lane index="0" speed="11.111" length="120.0" /><lane index="1" speed="11.111" length="120.0" /></edge><edge id="e_371" frm="c_9_0" to="c_9_1" priority="1"><lane index="0" speed="16.667" length="120.0" /><lane index="1" speed="16.667" length="120.0" /><lane index="2" speed="16.667" length="120.0" /></edge><edge id="e_372" frm="c_9_1" to="c_9_0" priority="1"><lane index="0" speed="16.667" length="120.0" /><lane index="1" speed="16.667" length="120.0" /><lane index="2" speed="16.667" length="120.0" /></edge><edge id="e_373" frm="c_9_0" to="c_10_0" priority="1"><lane index="0" speed="16.667" length="120.0" /><lane index="1" speed="16.667" length="120.0" /><lane index="2" speed="16.667" length="120.0" /></edge><edge id="e_374" frm="c_10_0" to="c_9_0" priority="1"><lane index="0" speed="16.667" length="120.0" /><lane index="1" speed="16.667" length="120.0" /><lane index="2" speed="16.667" length="120.0" /></edge><edge id="e_375" frm="c_9_1" to="c_9_2" priority="1"><lane index="0" speed="16.667" length="120.0" /><lane index="1" speed="16.667" length="120.0" /><lane index="2" speed="16.667" length="120.0" /></edge><edge id="e_376" frm="c_9_2" to="c_9_1" priority="1"><lane index="0" speed="16.667" length="120.0" /><lane index="1" speed="16.667" length="120.0" /><lane index="2" speed="16.667" length="120.0" /></edge><edge id="e_377" frm="c_9_1" to="c_10_1" priority="1"><lane index="0" speed="11.111" length="120.0" /><lane index="1" speed="11.111" length="120.0" /><lane index="2" speed="11.111" length="120.0" /></edge><edge id="e_378" frm="c_10_1" to="c_9_1" priority="1"><lane index="0" speed="11.111" length="120.0" /><lane index="1" speed="11.111" length="120.0" /><lane index="2" speed="11.111" length="120.0" /></edge><edge id="e_379" frm="c_9_2" to="c_9_3" priority="1"><lane index="0" speed="16.667" length="120.0" /><lane index="1" speed="16.667" length="120.0" /><lane index="2" speed="16.667" length="120.0" /></edge><edge id="e_380" frm="c_9_3" to="c_9_2" priority="1"><lane index="0" speed="16.667" length="120.0" /><lane index="1" speed="16.667" length="120.0" /><lane index="2" speed="16.667" length="120.0" /></edge><edge id="e_381" frm="c_9_2" to="c_10_2" priority="1"><lane index="0" speed="11.111" length="120.0" /><lane index="1" speed="11.111" length="120.0" /><lane index="2" speed="11.111" length="120.0" /></edge><edge id="e_382" frm="c_10_2" to="c_9_2" priority="1"><lane index="0" speed="11.111" length="120.0" /><lane index="1" speed="11.111" length="120.0" /><lane index="2" speed="11.111" length="120.0" /></edge><edge id="e_383" frm="c_9_3" to="c_10_3" priority="1"><lane index="0" speed="16.667" length="120.0" /><lane index="1" speed="16.667" length="120.0" /><lane index="2" speed="16.667" length="120.0" /></edge><edge id="e_384" frm="c_10_3" to="c_9_3" priority="1"><lane index="0" speed="16.667" length="120.0" /><lane index="1" speed="16.667" length="120.0" /><lane index="2" speed="16.667" length="120.0" /></edge><edge id="e_385" frm="c_9_4" to="c_9_5" priority="1"><lane index="0" speed="16.667" length="120.0" /><lane index="1" speed="16.667" length="120.0" /><lane index="2" speed="16.667" length="120.0" /></edge><edge id="e_386" frm="c_9_5" to="c_9_4" priority="1"><lane index="0" speed="16.667" length="120.0" /><lane index="1" speed="16.667" length="120.0" /><lane index="2" speed="16.667" length="120.0" /></edge><edge id="e_387" frm="c_9_5" to="c_9_6" priority="1"><lane index="0" speed="16.667" length="120.0" /><lane index="1" speed="16.667" length="120.0" /><lane index="2" speed="16.667" length="120.0" /></edge><edge id="e_388" frm="c_9_6" to="c_9_5" priority="1"><lane index="0" speed="16.667" length="120.0" /><lane index="1" speed="16.667" length="120.0" /><lane index="2" speed="16.667" length="120.0" /></edge><edge id="e_389" frm="c_9_5" to="c_10_5" priority="1"><lane index="0" speed="11.111" length="120.0" /><lane index="1" speed="11.111" length="120.0" /><lane index="2" speed="11.111" length="120.0" /></edge><edge id="e_390" frm="c_10_5" to="c_9_5" priority="1"><lane index="0" speed="11.111" length="120.0" /><lane index="1" speed="11.111" length="120.0" /><lane index="2" speed="11.111" length="120.0" /></edge><edge id="e_391" frm="c_9_6" to="c_9_7" priority="1"><lane index="0" speed="16.667" length="120.0" /><lane index="1" speed="16.667" length="120.0" /><lane index="2" speed="16.667" length="120.0" /></edge><edge id="e_392" frm="c_9_7" to="c_9_6" priority="1"><lane index="0" speed="16.667" length="120.0" /><lane index="1" speed="16.667" length="120.0" /><lane index="2" speed="16.667" length="120.0" /></edge><edge id="e_393" frm="c_9_7" to="c_9_8" priority="1"><lane index="0" speed="16.667" length="120.0" /><lane index="1" speed="16.667" length="120.0" /><lane index="2" speed="16.667" length="120.0" /></edge><edge id="e_394" frm="c_9_8" to="c_9_7" priority="1"><lane index="0" speed="16.667" length="120.0" /><lane index="1" speed="16.667" length="120.0" /><lane index="2" speed="16.667" length="120.0" /></edge><edge id="e_395" frm="c_9_7" to="c_10_7" priority="1"><lane index="0" speed="11.111" length="120.0" /><lane index="1" speed="11.111" length="120.0" /><lane index="2" speed="11.111" length="120.0" /></edge><edge id="e_396" frm="c_10_7" to="c_9_7" priority="1"><lane index="0" speed="11.111" length="120.0" /><lane index="1" speed="11.111" length="120.0" /><lane index="2" speed="11.111" length="120.0" /></edge><edge id="e_397" frm="c_9_8" to="c_9_9" priority="1"><lane index="0" speed="16.667" length="120.0" /><lane index="1" speed="16.667" length="120.0" /><lane index="2" speed="16.667" length="120.0" /></edge><edge id="e_398" frm="c_9_9" to="c_9_8" priority="1"><lane index="0" speed="16.667" length="120.0" /><lane index="1" speed="16.667" length="120.0" /><lane index="2" speed="16.667" length="120.0" /></edge><edge id="e_399" frm="c_9_8" to="c_10_8" priority="1"><lane index="0" speed="11.111" length="120.0" /><lane index="1" speed="11.111" length="120.0" /><lane index="2" speed="11.111" length="120.0" /></edge><edge id="e_400" frm="c_10_8" to="c_9_8" priority="1"><lane index="0" speed="11.111" length="120.0" /><lane index="1" speed="11.111" length="120.0" /><lane index="2" speed="11.111" length="120.0" /></edge><edge id="e_401" frm="c_9_9" to="c_9_10" priority="1"><lane index="0" speed="16.667" length="120.0" /><lane index="1" speed="16.667" length="120.0" /><lane index="2" speed="16.667" length="120.0" /></edge><edge id="e_402" frm="c_9_10" to="c_9_9" priority="1"><lane index="0" speed="16.667" length="120.0" /><lane index="1" speed="16.667" length="120.0" /><lane index="2" speed="16.667" length="120.0" /></edge><edge id="e_403" frm="c_9_9" to="c_10_9" priority="1"><lane index="0" speed="16.667" length="120.0" /><lane index="1" speed="16.667" length="120.0" /><lane index="2" speed="16.667" length="120.0" /></edge><edge id="e_404" frm="c_10_9" to="c_9_9" priority="1"><lane index="0" speed="16.667" length="120.0" /><lane index="1" speed="16.667" length="120.0" /><lane index="2" speed="16.667" length="120.0" /></edge><edge id="e_405" frm="c_9_10" to="c_9_11" priority="1"><lane index="0" speed="16.667" length="120.0" /><lane index="1" speed="16.667" length="120.0" /><lane index="2" speed="16.667" length="120.0" /></edge><edge id="e_406" frm="c_9_11" to="c_9_10" priority="1"><lane index="0" speed="16.667" length="120.0" /><lane index="1" speed="16.667" length="120.0" /><lane index="2" speed="16.667" length="120.0" /></edge><edge id="e_407" frm="c_9_10" to="c_10_10" priority="1"><lane index="0" speed="11.111" length="120.0" /><lane index="1" speed="11.111" length="120.0" /><lane index="2" speed="11.111" length="120.0" /></edge><edge id="e_408" frm="c_10_10" to="c_9_10" priority="1"><lane index="0" speed="11.111" length="120.0" /><lane index="1" speed="11.111" length="120.0" /><lane index="2" speed="11.111" length="120.0" /></edge><edge id="e_409" frm="c_10_0" to="c_11_0" priority="1"><lane index="0" speed="16.667" length="120.0" /><lane index="1" speed="16.667" length="120.0" /><lane index="2" speed="16.667" length="120.0" /></edge><edge id="e_410" frm="c_11_0" to="c_10_0" priority="1"><lane index="0" speed="16.667" length="120.0" /><lane index="1" speed="16.667" length="120.0" /><lane index="2" speed="16.667" length="120.0" /></edge><edge id="e_411" frm="c_10_1" to="c_10_2" priority="1"><lane index="0" speed="11.111" length="120.0" /><lane index="1" speed="11.111" length="120.0" /></edge><edge id="e_412" frm="c_10_2" to="c_10_1" priority="1"><lane index="0" speed="11.111" length="120.0" /><lane index="1" speed="11.111" length="120.0" /></edge><edge id="e_413" frm="c_10_1" to="c_11_1" priority="1"><lane index="0" speed="11.111" length="120.0" /><lane index="1" speed="11.111" length="120.0" /></edge><edge id="e_414" frm="c_11_1" to="c_10_1" priority="1"><lane index="0" speed="11.111" length="120.0" /><lane index="1" speed="11.111" length="120.0" /></edge><edge id="e_415" frm="c_10_2" to="c_10_3" priority="1"><lane index="0" speed="11.111" length="120.0" /><lane index="1" speed="11.111" length="120.0" /></edge><edge id="e_416" frm="c_10_3" to="c_10_2" priority="1"><lane index="0" speed="11.111" length="120.0" /><lane index="1" speed="11.111" length="120.0" /></edge><edge id="e_417" frm="c_10_2" to="c_11_2" priority="1"><lane index="0" speed="11.111" length="120.0" /><lane index="1" speed="11.111" length="120.0" /></edge><edge id="e_418" frm="c_11_2" to="c_10_2" priority="1"><lane index="0" speed="11.111" length="120.0" /><lane index="1" speed="11.111" length="120.0" /></edge><edge id="e_419" frm="c_10_3" to="c_10_4" priority="1"><lane index="0" speed="11.111" length="120.0" /><lane index="1" speed="11.111" length="120.0" /><lane index="2" speed="11.111" length="120.0" /></edge><edge id="e_420" frm="c_10_4" to="c_10_3" priority="1"><lane index="0" speed="11.111" length="120.0" /><lane index="1" speed="11.111" length="120.0" /><lane index="2" speed="11.111" length="120.0" /></edge><edge id="e_421" frm="c_10_3" to="c_11_3" priority="1"><lane index="0" speed="16.667" length="120.0" /><lane index="1" speed="16.667" length="120.0" /><lane index="2" speed="16.667" length="120.0" /></edge><edge id="e_422" frm="c_11_3" to="c_10_3" priority="1"><lane index="0" speed="16.667" length="120.0" /><lane index="1" speed="16.667" length="120.0" /><lane index="2" speed="16.667" length="120.0" /></edge><edge id="e_423" frm="c_10_4" to="c_10_5" priority="1"><lane index="0" speed="11.111" length="120.0" /><lane index="1" speed="11.111" length="120.0" /></edge><edge id="e_424" frm="c_10_5" to="c_10_4" priority="1"><lane index="0" speed="11.111" length="120.0" /><lane index="1" speed="11.111" length="120.0" /></edge><edge id="e_425" frm="c_10_4" to="c_11_4" priority="1"><lane index="0" speed="11.111" length="120.0" /><lane index="1" speed="11.111" length="120.0" /></edge><edge id="e_426" frm="c_11_4" to="c_10_4" priority="1"><lane index="0" speed="11.111" length="120.0" /><lane index="1" speed="11.111" length="120.0" /></edge><edge id="e_427" frm="c_10_5" to="c_11_5" priority="1"><lane index="0" speed="11.111" length="120.0" /><lane index="1" speed="11.111" length="120.0" /></edge><edge id="e_428" frm="c_11_5" to="c_10_5" priority="1"><lane index="0" speed="11.111" length="120.0" /><lane index="1" speed="11.111" length="120.0" /></edge><edge id="e_429" frm="c_10_6" to="c_10_7" priority="1"><lane index="0" speed="11.111" length="120.0" /><lane index="1" speed="11.111" length="120.0" /><lane index="2" speed="11.111" length="120.0" /></edge><edge id="e_430" frm="c_10_7" to="c_10_6" priority="1"><lane index="0" speed="11.111" length="120.0" /><lane index="1" speed="11.111" length="120.0" /><lane index="2" speed="11.111" length="120.0" /></edge><edge id="e_431" frm="c_10_6" to="c_11_6" priority="1"><lane index="0" speed="16.667" length="120.0" /><lane index="1" speed="16.667" length="120.0" /><lane index="2" speed="16.667" length="120.0" /></edge><edge id="e_432" frm="c_11_6" to="c_10_6" priority="1"><lane index="0" speed="16.667" length="120.0" /><lane index="1" speed="16.667" length="120.0" /><lane index="2" speed="16.667" length="120.0" /></edge><edge id="e_433" frm="c_10_7" to="c_10_8" priority="1"><lane index="0" speed="11.111" length="120.0" /><lane index="1" speed="11.111" length="120.0" /></edge><edge id="e_434" frm="c_10_8" to="c_10_7" priority="1"><lane index="0" speed="11.111" length="120.0" /><lane index="1" speed="11.111" length="120.0" /></edge><edge id="e_435" frm="c_10_7" to="c_11_7" priority="1"><lane index="0" speed="11.111" length="120.0" /><lane index="1" speed="11.111" length="120.0" /></edge><edge id="e_436" frm="c_11_7" to="c_10_7" priority="1"><lane index="0" speed="11.111" length="120.0" /><lane index="1" speed="11.111" length="120.0" /></edge><edge id="e_437" frm="c_10_8" to="c_10_9" priority="1"><lane index="0" speed="11.111" length="120.0" /><lane index="1" speed="11.111" length="120.0" /></edge><edge id="e_438" frm="c_10_9" to="c_10_8" priority="1"><lane index="0" speed="11.111" length="120.0" /><lane index="1" speed="11.111" length="120.0" /></edge><edge id="e_439" frm="c_10_8" to="c_11_8" priority="1"><lane index="0" speed="11.111" length="120.0" /><lane index="1" speed="11.111" length="120.0" /></edge><edge id="e_440" frm="c_11_8" to="c_10_8" priority="1"><lane index="0" speed="11.111" length="120.0" /><lane index="1" speed="11.111" length="120.0" /></edge><edge id="e_441" frm="c_10_9" to="c_10_10" priority="1"><lane index="0" speed="11.111" length="120.0" /><lane index="1" speed="11.111" length="120.0" /><lane index="2" speed="11.111" length="120.0" /></edge><edge id="e_442" frm="c_10_10" to="c_10_9" priority="1"><lane index="0" speed="11.111" length="120.0" /><lane index="1" speed="11.111" length="120.0" /><lane index="2" speed="11.111" length="120.0" /></edge><edge id="e_443" frm="c_10_9" to="c_11_9" priority="1"><lane index="0" speed="16.667" length="120.0" /><lane index="1" speed="16.667" length="120.0" /><lane index="2" speed="16.667" length="120.0" /></edge><edge id="e_444" frm="c_11_9" to="c_10_9" priority="1"><lane index="0" speed="16.667" length="120.0" /><lane index="1" speed="16.667" length="120.0" /><lane index="2" speed="16.667" length="120.0" /></edge><edge id="e_445" frm="c_10_10" to="c_10_11" priority="1"><lane index="0" speed="11.111" length="120.0" /><lane index="1" speed="11.111" length="120.0" /></edge><edge id="e_446" frm="c_10_11" to="c_10_10" priority="1"><lane index="0" speed="11.111" length="120.0" /><lane index="1" speed="11.111" length="120.0" /></edge><edge id="e_447" frm="c_10_11" to="c_11_11" priority="1"><lane index="0" speed="11.111" length="120.0" /><lane index="1" speed="11.111" length="120.0" /></edge><edge id="e_448" frm="c_11_11" to="c_10_11" priority="1"><lane index="0" speed="11.111" length="120.0" /><lane index="1" speed="11.111" length="120.0" /></edge><edge id="e_449" frm="c_11_0" to="c_11_1" priority="1"><lane index="0" speed="11.111" length="120.0" /><lane index="1" speed="11.111" length="120.0" /><lane index="2" speed="11.111" length="120.0" /></edge><edge id="e_450" frm="c_11_1" to="c_11_0" priority="1"><lane index="0" speed="11.111" length="120.0" /><lane index="1" speed="11.111" length="120.0" /><lane index="2" speed="11.111" length="120.0" /></edge><edge id="e_451" frm="c_11_3" to="c_11_4" priority="1"><lane index="0" speed="11.111" length="120.0" /><lane index="1" speed="11.111" length="120.0" /><lane index="2" speed="11.111" length="120.0" /></edge><edge id="e_452" frm="c_11_4" to="c_11_3" priority="1"><lane index="0" speed="11.111" length="120.0" /><lane index="1" speed="11.111" length="120.0" /><lane index="2" speed="11.111" length="120.0" /></edge><edge id="e_453" frm="c_11_4" to="c_11_5" priority="1"><lane index="0" speed="11.111" length="120.0" /><lane index="1" speed="11.111" length="120.0" /></edge><edge id="e_454" frm="c_11_5" to="c_11_4" priority="1"><lane index="0" speed="11.111" length="120.0" /><lane index="1" speed="11.111" length="120.0" /></edge><edge id="e_455" frm="c_11_5" to="c_11_6" priority="1"><lane index="0" speed="11.111" length="120.0" /><lane index="1" speed="11.111" length="120.0" /></edge><edge id="e_456" frm="c_11_6" to="c_11_5" priority="1"><lane index="0" speed="11.111" length="120.0" /><lane index="1" speed="11.111" length="120.0" /></edge><edge id="e_457" frm="c_11_6" to="c_11_7" priority="1"><lane index="0" speed="11.111" length="120.0" /><lane index="1" speed="11.111" length="120.0" /><lane index="2" speed="11.111" length="120.0" /></edge><edge id="e_458" frm="c_11_7" to="c_11_6" priority="1"><lane index="0" speed="11.111" length="120.0" /><lane index="1" speed="11.111" length="120.0" /><lane index="2" speed="11.111" length="120.0" /></edge><edge id="e_459" frm="c_11_7" to="c_11_8" priority="1"><lane index="0" speed="11.111" length="120.0" /><lane index="1" speed="11.111" length="120.0" /></edge><edge id="e_460" frm="c_11_8" to="c_11_7" priority="1"><lane index="0" speed="11.111" length="120.0" /><lane index="1" speed="11.111" length="120.0" /></edge><edge id="e_461" frm="c_11_9" to="c_11_10" priority="1"><lane index="0" speed="11.111" length="120.0" /><lane index="1" speed="11.111" length="120.0" /><lane index="2" speed="11.111" length="120.0" /></edge><edge id="e_462" frm="c_11_10" to="c_11_9" priority="1"><lane index="0" speed="11.111" length="120.0" /><lane index="1" speed="11.111" length="120.0" /><lane index="2" speed="11.111" length="120.0" /></edge><edge id="e_463" frm="c_11_10" to="c_11_11" priority="1"><lane index="0" speed="11.111" length="120.0" /><lane index="1" speed="11.111" length="120.0" /></edge><edge id="e_464" frm="c_11_11" to="c_11_10" priority="1"><lane index="0" speed="11.111" length="120.0" /><lane index="1" speed="11.111" length="120.0" /></edge><edge id="e_465" frm="c_1_4" to="c_2_5" priority="1"><lane index="0" speed="16.667" length="169.7" /><lane index="1" speed="16.667" length="169.7" /><lane index="2" speed="16.667" length="169.7" /></edge><edge id="e_466" frm="c_2_5" to="c_1_4" priority="1"><lane index="0" speed="16.667" length="169.7" /><lane index="1" speed="16.667" length="169.7" /><lane index="2" speed="16.667" length="169.7" /></edge><edge id="e_467" frm="c_10_9" to="c_11_10" priority="1"><lane index="0" speed="16.667" length="169.7" /><lane index="1" speed="16.667" length="169.7" /><lane index="2" speed="16.667" length="169.7" /></edge><edge id="e_468" frm="c_11_10" to="c_10_9" priority="1"><lane index="0" speed="16.667" length="169.7" /><lane index="1" speed="16.667" length="169.7" /><lane index="2" speed="16.667" length="169.7" /></edge><edge id="e_469" frm="c_1_9" to="c_2_10" priority="1"><lane index="0" speed="16.667" length="169.7" /><lane index="1" speed="16.667" length="169.7" /><lane index="2" speed="16.667" length="169.7" /></edge><edge id="e_470" frm="c_2_10" to="c_1_9" priority="1"><lane index="0" speed="16.667" length="169.7" /><lane index="1" speed="16.667" length="169.7" /><lane index="2" speed="16.667" length="169.7" /></edge><edge id="e_471" frm="c_0_5" to="c_1_6" priority="1"><lane index="0" speed="16.667" length="169.7" /><lane index="1" speed="16.667" length="169.7" /><lane index="2" speed="16.667" length="169.7" /></edge><edge id="e_472" frm="c_1_6" to="c_0_5" priority="1"><lane index="0" speed="16.667" length="169.7" /><lane index="1" speed="16.667" length="169.7" /><lane index="2" speed="16.667" length="169.7" /></edge><edge id="e_473" frm="c_8_6" to="c_9_7" priority="1"><lane index="0" speed="16.667" length="169.7" /><lane index="1" speed="16.667" length="169.7" /><lane index="2" speed="16.667" length="169.7" /></edge><edge id="e_474" frm="c_9_7" to="c_8_6" priority="1"><lane index="0" speed="16.667" length="169.7" /><lane index="1" speed="16.667" length="169.7" /><lane index="2" speed="16.667" length="169.7" /></edge><edge id="e_475" frm="c_10_5" to="c_11_6" priority="1"><lane index="0" speed="16.667" length="169.7" /><lane index="1" speed="16.667" length="169.7" /><lane index="2" speed="16.667" length="169.7" /></edge><edge id="e_476" frm="c_11_6" to="c_10_5" priority="1"><lane index="0" speed="16.667" length="169.7" /><lane index="1" speed="16.667" length="169.7" /><lane index="2" speed="16.667" length="169.7" /></edge><edge id="e_477" frm="c_1_8" to="c_2_9" priority="1"><lane index="0" speed="16.667" length="169.7" /><lane index="1" speed="16.667" length="169.7" /><lane index="2" speed="16.667" length="169.7" /></edge><edge id="e_478" frm="c_2_9" to="c_1_8" priority="1"><lane index="0" speed="16.667" length="169.7" /><lane index="1" speed="16.667" length="169.7" /><lane index="2" speed="16.667" length="169.7" /></edge><edge id="e_479" frm="c_0_6" to="c_1_7" priority="1"><lane index="0" speed="16.667" length="169.7" /><lane index="1" speed="16.667" length="169.7" /><lane index="2" speed="16.667" length="169.7" /></edge><edge id="e_480" frm="c_1_7" to="c_0_6" priority="1"><lane index="0" speed="16.667" length="169.7" /><lane index="1" speed="16.667" length="169.7" /><lane index="2" speed="16.667" length="169.7" /></edge></edges>